year,municipio,state_fips,county_fips,geoid,unemployment_rate_pct,unemployment_rate_moe,emp_pop_ratio_pct,emp_pop_ratio_moe,labor_force_participation_pct,labor_force_participation_moe
2010,Adjuntas Municipio,72,001,72001,20.7,4.4,29.9,2.5,37.7,2.7
2010,Aguada Municipio,72,003,72003,25.6,2.6,35.0,1.6,47.0,1.7
2010,Aguadilla Municipio,72,005,72005,20.8,2.0,30.6,1.3,38.9,1.3
2010,Aguas Buenas Municipio,72,007,72007,4.1,1.4,33.6,2.2,35.2,2.1
2010,Aibonito Municipio,72,009,72009,14.4,2.5,33.7,1.7,39.4,1.8
2010,Arecibo Municipio,72,013,72013,15.8,1.5,33.0,1.1,39.3,1.0
2010,Arroyo Municipio,72,015,72015,27.0,4.2,31.2,2.5,42.8,2.9
2010,Añasco Municipio,72,011,72011,9.0,2.0,38.7,1.8,42.6,2.1
2010,Barceloneta Municipio,72,017,72017,17.0,3.3,34.0,2.6,41.0,2.5
2010,Barranquitas Municipio,72,019,72019,13.8,2.6,34.6,1.7,40.2,1.9
2010,Bayamón Municipio,72,021,72021,17.0,0.7,43.3,0.6,52.3,0.6
2010,Cabo Rojo Municipio,72,023,72023,9.7,1.9,36.8,1.9,40.9,1.9
2010,Caguas Municipio,72,025,72025,12.6,0.8,44.3,0.8,50.7,0.8
2010,Camuy Municipio,72,027,72027,20.2,3.3,35.0,2.2,43.8,2.0
2010,Canóvanas Municipio,72,029,72029,15.3,2.3,44.5,1.8,52.6,1.4
2010,Carolina Municipio,72,031,72031,11.4,0.7,47.6,0.7,53.8,0.7
2010,Cataño Municipio,72,033,72033,23.5,2.4,39.5,2.0,51.7,2.0
2010,Cayey Municipio,72,035,72035,14.0,2.0,41.7,1.8,48.6,1.8
2010,Ceiba Municipio,72,037,72037,11.7,3.3,40.7,2.9,47.1,2.4
2010,Ciales Municipio,72,039,72039,23.6,3.7,31.1,2.3,40.8,2.2
2010,Cidra Municipio,72,041,72041,14.3,1.8,44.5,1.6,51.9,1.5
2010,Coamo Municipio,72,043,72043,13.9,2.2,34.2,1.7,39.9,1.7
2010,Comerío Municipio,72,045,72045,10.1,2.5,31.8,2.4,35.4,2.5
2010,Corozal Municipio,72,047,72047,9.4,2.0,31.7,2.2,35.0,2.1
2010,Culebra Municipio,72,049,72049,7.1,5.9,53.2,6.1,57.3,6.0
2010,Dorado Municipio,72,051,72051,13.8,2.5,45.2,1.7,52.6,1.7
2010,Fajardo Municipio,72,053,72053,17.6,1.9,40.1,1.6,48.7,1.6
2010,Florida Municipio,72,054,72054,14.1,4.3,35.5,3.7,41.3,3.5
2010,Guayama Municipio,72,057,72057,22.1,2.8,38.4,2.0,49.3,2.1
2010,Guayanilla Municipio,72,059,72059,23.8,3.5,29.9,1.9,39.3,1.9
2010,Guaynabo Municipio,72,061,72061,13.2,1.1,50.6,1.2,58.6,0.9
2010,Gurabo Municipio,72,063,72063,11.6,1.7,46.8,2.3,53.0,2.2
2010,Guánica Municipio,72,055,72055,33.6,4.5,27.3,2.5,41.3,2.5
2010,Hatillo Municipio,72,065,72065,26.0,2.9,34.2,1.9,46.4,1.8
2010,Hormigueros Municipio,72,067,72067,9.3,2.7,39.9,2.3,44.0,2.1
2010,Humacao Municipio,72,069,72069,15.8,1.7,35.8,1.6,42.6,1.7
2010,Isabela Municipio,72,071,72071,17.0,2.1,30.6,1.4,37.1,1.6
2010,Jayuya Municipio,72,073,72073,26.9,4.4,36.8,2.7,50.3,2.7
2010,Juana Díaz Municipio,72,075,72075,22.2,2.1,38.9,1.6,50.1,1.5
2010,Juncos Municipio,72,077,72077,15.9,2.5,39.1,2.3,46.7,2.2
2010,Lajas Municipio,72,079,72079,14.2,3.1,28.8,2.1,33.7,2.0
2010,Lares Municipio,72,081,72081,25.0,2.9,31.7,1.9,42.2,1.8
2010,Las Marías Municipio,72,083,72083,9.1,3.2,38.2,2.5,42.1,2.5
2010,Las Piedras Municipio,72,085,72085,18.6,2.4,37.0,2.0,45.4,2.1
2010,Loíza Municipio,72,087,72087,18.8,2.4,42.2,2.0,52.0,2.0
2010,Luquillo Municipio,72,089,72089,21.0,2.6,41.7,2.4,53.0,2.1
2010,Manatí Municipio,72,091,72091,23.4,2.4,35.4,1.6,46.3,1.6
2010,Maricao Municipio,72,093,72093,8.6,4.8,38.9,5.7,42.5,5.9
2010,Maunabo Municipio,72,095,72095,20.3,5.8,31.7,3.8,39.8,3.1
2010,Mayagüez Municipio,72,097,72097,17.9,1.6,33.5,1.0,40.8,1.1
2010,Moca Municipio,72,099,72099,27.8,3.9,31.3,2.3,43.4,2.0
2010,Morovis Municipio,72,101,72101,25.2,3.5,31.0,2.4,41.4,2.4
2010,Naguabo Municipio,72,103,72103,15.4,2.9,35.8,2.1,42.3,2.3
2010,Naranjito Municipio,72,105,72105,8.2,1.9,31.6,1.9,34.4,1.9
2010,Orocovis Municipio,72,107,72107,30.7,3.9,32.1,2.4,46.3,2.2
2010,Patillas Municipio,72,109,72109,20.8,3.5,30.6,2.3,38.7,2.4
2010,Peñuelas Municipio,72,111,72111,18.3,2.9,34.3,2.1,42.0,2.1
2010,Ponce Municipio,72,113,72113,19.9,1.2,37.1,0.8,46.3,0.8
2010,Quebradillas Municipio,72,115,72115,17.5,3.6,29.6,2.3,35.8,2.3
2010,Rincón Municipio,72,117,72117,22.7,4.6,35.8,2.9,46.3,2.5
2010,Río Grande Municipio,72,119,72119,19.3,2.1,40.7,1.7,50.5,1.7
2010,Sabana Grande Municipio,72,121,72121,24.9,3.3,32.5,1.9,43.2,1.8
2010,Salinas Municipio,72,123,72123,30.8,4.0,31.7,2.5,45.8,2.1
2010,San Germán Municipio,72,125,72125,9.2,2.0,37.0,1.6,40.9,1.5
2010,San Juan Municipio,72,127,72127,14.4,0.6,46.2,0.5,54.0,0.5
2010,San Lorenzo Municipio,72,129,72129,13.6,1.7,39.4,1.6,45.7,1.6
2010,San Sebastián Municipio,72,131,72131,23.6,2.9,28.7,1.6,37.5,1.8
2010,Santa Isabel Municipio,72,133,72133,19.4,3.1,39.5,2.3,49.1,2.4
2010,Toa Alta Municipio,72,135,72135,10.8,1.6,42.8,1.6,48.3,1.7
2010,Toa Baja Municipio,72,137,72137,13.8,1.3,47.8,1.2,55.6,1.1
2010,Trujillo Alto Municipio,72,139,72139,8.3,0.9,51.1,1.1,55.7,1.1
2010,Utuado Municipio,72,141,72141,30.2,4.0,29.0,2.1,41.6,2.0
2010,Vega Alta Municipio,72,143,72143,20.8,2.9,34.1,1.5,43.1,1.7
2010,Vega Baja Municipio,72,145,72145,16.5,1.9,31.2,1.3,37.4,1.4
2010,Vieques Municipio,72,147,72147,11.3,3.9,40.8,4.1,46.0,3.9
2010,Villalba Municipio,72,149,72149,29.7,3.3,36.3,2.2,51.6,2.3
2010,Yabucoa Municipio,72,151,72151,21.0,2.4,32.1,1.6,40.6,1.5
2010,Yauco Municipio,72,153,72153,27.4,2.4,33.4,1.5,46.1,1.4
2011,Adjuntas Municipio,72,001,72001,25.3,4.4,30.6,2.4,40.9,2.2
2011,Aguada Municipio,72,003,72003,27.9,2.6,34.8,1.5,48.3,1.4
2011,Aguadilla Municipio,72,005,72005,23.3,2.5,30.3,1.4,39.8,1.4
2011,Aguas Buenas Municipio,72,007,72007,8.5,2.4,30.8,2.1,33.8,2.1
2011,Aibonito Municipio,72,009,72009,12.0,2.7,34.0,2.4,38.7,2.2
2011,Arecibo Municipio,72,013,72013,14.4,1.4,32.8,1.1,38.4,1.1
2011,Arroyo Municipio,72,015,72015,25.6,4.5,32.5,2.7,43.7,2.7
2011,Añasco Municipio,72,011,72011,8.4,1.9,36.6,1.9,39.9,2.0
2011,Barceloneta Municipio,72,017,72017,17.2,3.6,33.1,2.5,39.9,2.1
2011,Barranquitas Municipio,72,019,72019,12.4,2.1,33.8,2.2,38.6,2.2
2011,Bayamón Municipio,72,021,72021,18.0,0.8,42.8,0.7,52.3,0.7
2011,Cabo Rojo Municipio,72,023,72023,10.0,2.3,33.2,1.6,37.0,1.7
2011,Caguas Municipio,72,025,72025,13.7,1.0,44.2,0.9,51.3,0.8
2011,Camuy Municipio,72,027,72027,19.7,3.1,35.2,2.3,43.9,2.1
2011,Canóvanas Municipio,72,029,72029,16.9,2.5,43.2,2.1,52.0,1.9
2011,Carolina Municipio,72,031,72031,12.7,0.8,47.3,0.7,54.2,0.6
2011,Cataño Municipio,72,033,72033,25.3,3.2,39.3,2.2,52.7,2.1
2011,Cayey Municipio,72,035,72035,14.2,2.1,43.0,1.8,50.2,1.5
2011,Ceiba Municipio,72,037,72037,12.9,3.6,41.2,2.7,48.1,2.5
2011,Ciales Municipio,72,039,72039,23.1,3.4,28.0,2.2,36.4,2.2
2011,Cidra Municipio,72,041,72041,12.4,1.8,46.6,1.7,53.3,1.7
2011,Coamo Municipio,72,043,72043,12.9,2.4,35.5,1.7,40.9,1.7
2011,Comerío Municipio,72,045,72045,10.2,3.0,30.9,2.4,34.5,2.7
2011,Corozal Municipio,72,047,72047,10.8,2.6,30.6,1.9,34.3,2.2
2011,Culebra Municipio,72,049,72049,8.1,7.0,48.0,8.1,52.3,8.6
2011,Dorado Municipio,72,051,72051,14.4,2.0,45.0,1.7,52.7,1.8
2011,Fajardo Municipio,72,053,72053,19.1,2.8,39.4,2.1,48.8,1.7
2011,Florida Municipio,72,054,72054,17.0,4.8,35.0,3.4,42.2,3.4
2011,Guayama Municipio,72,057,72057,20.1,2.2,38.0,1.4,47.6,1.6
2011,Guayanilla Municipio,72,059,72059,24.0,3.7,29.5,2.4,38.9,2.2
2011,Guaynabo Municipio,72,061,72061,14.4,1.2,49.8,1.1,58.4,0.9
2011,Gurabo Municipio,72,063,72063,12.0,1.8,47.4,1.9,53.9,1.7
2011,Guánica Municipio,72,055,72055,33.5,4.1,26.1,2.2,39.6,2.4
2011,Hatillo Municipio,72,065,72065,21.9,3.3,36.1,2.3,46.3,1.9
2011,Hormigueros Municipio,72,067,72067,13.0,2.9,38.6,2.4,44.4,2.2
2011,Humacao Municipio,72,069,72069,17.1,2.0,36.5,1.6,44.2,1.7
2011,Isabela Municipio,72,071,72071,16.0,2.4,30.2,1.5,36.1,1.5
2011,Jayuya Municipio,72,073,72073,26.6,3.7,37.5,2.4,51.2,2.4
2011,Juana Díaz Municipio,72,075,72075,19.6,2.5,37.2,1.6,46.3,1.4
2011,Juncos Municipio,72,077,72077,16.5,2.4,39.0,2.0,46.8,2.1
2011,Lajas Municipio,72,079,72079,14.0,2.7,26.1,2.4,30.4,2.5
2011,Lares Municipio,72,081,72081,27.2,2.7,30.1,1.5,41.3,1.7
2011,Las Marías Municipio,72,083,72083,5.6,2.1,39.8,3.0,42.1,3.1
2011,Las Piedras Municipio,72,085,72085,18.7,3.2,36.1,2.2,44.5,2.3
2011,Loíza Municipio,72,087,72087,22.0,2.5,40.7,2.3,52.1,2.3
2011,Luquillo Municipio,72,089,72089,24.0,3.1,39.1,2.2,51.7,1.9
2011,Manatí Municipio,72,091,72091,23.7,2.4,35.3,1.6,46.4,1.6
2011,Maricao Municipio,72,093,72093,7.5,3.6,37.6,5.5,40.7,5.6
2011,Maunabo Municipio,72,095,72095,25.7,5.3,27.7,2.8,37.3,3.0
2011,Mayagüez Municipio,72,097,72097,18.6,1.8,31.9,1.1,39.2,1.1
2011,Moca Municipio,72,099,72099,26.8,3.4,32.3,2.1,44.1,2.3
2011,Morovis Municipio,72,101,72101,27.1,3.0,30.5,2.1,41.9,2.3
2011,Naguabo Municipio,72,103,72103,16.2,2.8,37.5,2.0,44.8,2.0
2011,Naranjito Municipio,72,105,72105,7.8,2.4,30.0,2.0,32.6,1.9
2011,Orocovis Municipio,72,107,72107,30.4,3.8,30.5,2.2,43.8,2.4
2011,Patillas Municipio,72,109,72109,24.1,4.0,29.5,2.6,38.9,2.9
2011,Peñuelas Municipio,72,111,72111,21.9,3.3,32.7,2.1,41.9,2.2
2011,Ponce Municipio,72,113,72113,21.6,1.2,37.3,0.9,47.6,0.8
2011,Quebradillas Municipio,72,115,72115,16.0,3.7,29.5,2.1,35.1,2.0
2011,Rincón Municipio,72,117,72117,24.1,4.3,35.5,2.5,46.8,2.5
2011,Río Grande Municipio,72,119,72119,20.4,2.1,40.5,1.7,50.8,1.5
2011,Sabana Grande Municipio,72,121,72121,26.9,3.8,30.6,1.9,41.9,1.9
2011,Salinas Municipio,72,123,72123,27.1,4.0,32.1,1.9,44.1,1.7
2011,San Germán Municipio,72,125,72125,7.8,1.7,36.0,1.6,39.0,1.6
2011,San Juan Municipio,72,127,72127,15.4,0.7,45.5,0.5,53.8,0.5
2011,San Lorenzo Municipio,72,129,72129,12.7,1.9,38.8,1.7,44.4,1.7
2011,San Sebastián Municipio,72,131,72131,22.1,3.1,28.5,1.8,36.6,1.9
2011,Santa Isabel Municipio,72,133,72133,16.3,3.3,38.9,2.5,46.7,2.1
2011,Toa Alta Municipio,72,135,72135,12.1,1.4,44.9,1.4,51.3,1.4
2011,Toa Baja Municipio,72,137,72137,15.4,1.1,46.1,1.3,54.7,1.2
2011,Trujillo Alto Municipio,72,139,72139,8.4,1.0,50.0,1.4,54.6,1.4
2011,Utuado Municipio,72,141,72141,31.4,3.5,28.2,2.1,41.1,1.9
2011,Vega Alta Municipio,72,143,72143,22.4,3.3,32.9,1.8,42.5,1.9
2011,Vega Baja Municipio,72,145,72145,15.3,2.4,29.8,1.5,35.2,1.3
2011,Vieques Municipio,72,147,72147,11.3,4.9,41.9,4.0,47.3,3.7
2011,Villalba Municipio,72,149,72149,27.6,3.3,35.4,2.0,48.8,2.3
2011,Yabucoa Municipio,72,151,72151,22.1,3.0,30.5,1.8,39.1,1.6
2011,Yauco Municipio,72,153,72153,29.6,2.8,31.5,1.5,44.8,1.5
2012,Adjuntas Municipio,72,001,72001,23.1,3.7,30.5,2.2,39.6,2.5
2012,Aguada Municipio,72,003,72003,30.7,2.6,33.8,1.8,48.7,1.7
2012,Aguadilla Municipio,72,005,72005,24.5,2.7,30.1,1.5,40.1,1.4
2012,Aguas Buenas Municipio,72,007,72007,13.2,2.7,28.7,2.1,33.1,2.0
2012,Aibonito Municipio,72,009,72009,10.0,2.3,33.1,2.0,36.9,2.0
2012,Arecibo Municipio,72,013,72013,15.0,1.5,32.4,1.2,38.2,1.2
2012,Arroyo Municipio,72,015,72015,28.5,4.7,30.8,2.6,43.1,2.9
2012,Añasco Municipio,72,011,72011,9.3,2.1,35.1,2.2,38.7,2.3
2012,Barceloneta Municipio,72,017,72017,17.7,3.7,30.9,2.8,37.6,3.0
2012,Barranquitas Municipio,72,019,72019,12.4,2.9,32.0,2.5,36.5,2.6
2012,Bayamón Municipio,72,021,72021,18.5,1.0,42.6,0.7,52.4,0.7
2012,Cabo Rojo Municipio,72,023,72023,10.7,2.5,31.6,1.8,35.4,1.9
2012,Caguas Municipio,72,025,72025,14.4,0.9,44.1,1.0,51.5,1.0
2012,Camuy Municipio,72,027,72027,18.9,2.8,34.4,1.9,42.4,1.8
2012,Canóvanas Municipio,72,029,72029,18.0,2.2,42.9,1.8,52.3,1.6
2012,Carolina Municipio,72,031,72031,13.7,0.9,47.5,0.9,55.1,0.7
2012,Cataño Municipio,72,033,72033,27.2,3.5,39.2,2.2,53.9,1.9
2012,Cayey Municipio,72,035,72035,14.7,2.0,42.6,1.8,50.0,1.6
2012,Ceiba Municipio,72,037,72037,12.8,3.5,38.0,2.5,44.1,2.4
2012,Ciales Municipio,72,039,72039,21.0,3.9,26.5,2.4,33.6,2.7
2012,Cidra Municipio,72,041,72041,12.1,1.9,47.0,1.8,53.6,1.5
2012,Coamo Municipio,72,043,72043,13.3,2.0,34.8,1.9,40.3,1.6
2012,Comerío Municipio,72,045,72045,10.1,2.5,29.6,2.2,33.1,2.2
2012,Corozal Municipio,72,047,72047,11.8,3.0,30.6,2.4,34.7,2.3
2012,Culebra Municipio,72,049,72049,9.0,9.7,45.7,8.3,50.2,8.4
2012,Dorado Municipio,72,051,72051,15.4,2.4,43.6,2.0,51.8,1.7
2012,Fajardo Municipio,72,053,72053,19.2,2.4,40.3,1.9,50.0,1.7
2012,Florida Municipio,72,054,72054,15.3,4.1,34.2,4.0,40.4,4.3
2012,Guayama Municipio,72,057,72057,21.4,2.5,34.8,1.7,44.3,1.8
2012,Guayanilla Municipio,72,059,72059,27.1,3.4,27.3,2.2,37.6,2.2
2012,Guaynabo Municipio,72,061,72061,15.2,1.2,48.9,1.0,57.8,0.9
2012,Gurabo Municipio,72,063,72063,13.1,2.2,47.8,2.2,55.1,2.1
2012,Guánica Municipio,72,055,72055,33.0,4.2,26.7,2.2,40.1,2.6
2012,Hatillo Municipio,72,065,72065,20.1,3.1,36.8,2.3,46.1,2.1
2012,Hormigueros Municipio,72,067,72067,14.2,3.3,37.6,2.2,43.8,2.0
2012,Humacao Municipio,72,069,72069,17.0,2.0,36.2,1.4,43.7,1.6
2012,Isabela Municipio,72,071,72071,15.8,2.6,30.7,1.7,36.6,1.8
2012,Jayuya Municipio,72,073,72073,25.0,3.8,36.4,2.8,48.6,3.0
2012,Juana Díaz Municipio,72,075,72075,18.6,2.5,35.3,1.8,43.5,1.6
2012,Juncos Municipio,72,077,72077,18.4,3.0,38.2,2.2,46.9,2.1
2012,Lajas Municipio,72,079,72079,12.4,3.4,24.5,2.5,28.1,2.4
2012,Lares Municipio,72,081,72081,25.5,3.3,28.3,1.8,38.0,1.8
2012,Las Marías Municipio,72,083,72083,6.0,2.5,37.7,2.9,40.1,3.0
2012,Las Piedras Municipio,72,085,72085,18.5,2.9,36.8,2.3,45.2,2.3
2012,Loíza Municipio,72,087,72087,24.5,2.8,39.7,1.8,52.6,1.7
2012,Luquillo Municipio,72,089,72089,23.5,3.6,39.1,2.3,51.3,1.9
2012,Manatí Municipio,72,091,72091,22.6,2.7,34.7,1.7,45.0,1.5
2012,Maricao Municipio,72,093,72093,8.4,3.9,36.9,5.5,40.3,5.5
2012,Maunabo Municipio,72,095,72095,26.4,6.7,29.5,3.6,40.0,3.2
2012,Mayagüez Municipio,72,097,72097,17.2,1.7,31.9,1.2,38.6,1.2
2012,Moca Municipio,72,099,72099,24.4,3.3,32.9,2.1,43.5,2.3
2012,Morovis Municipio,72,101,72101,26.4,4.5,29.5,2.7,40.1,2.7
2012,Naguabo Municipio,72,103,72103,17.9,3.5,36.5,2.5,44.5,2.4
2012,Naranjito Municipio,72,105,72105,8.5,2.3,30.5,2.2,33.3,2.2
2012,Orocovis Municipio,72,107,72107,29.0,3.6,29.9,2.2,42.1,2.3
2012,Patillas Municipio,72,109,72109,29.5,3.8,29.0,2.4,41.1,2.6
2012,Peñuelas Municipio,72,111,72111,24.4,3.8,33.7,2.2,44.5,2.1
2012,Ponce Municipio,72,113,72113,22.3,1.2,36.7,1.0,47.3,0.9
2012,Quebradillas Municipio,72,115,72115,17.3,3.5,28.8,2.2,34.9,2.2
2012,Rincón Municipio,72,117,72117,24.3,4.6,34.8,2.9,46.0,2.8
2012,Río Grande Municipio,72,119,72119,21.3,2.4,40.5,1.8,51.5,1.5
2012,Sabana Grande Municipio,72,121,72121,28.8,3.8,29.3,2.0,41.2,2.1
2012,Salinas Municipio,72,123,72123,23.1,4.0,32.2,2.1,41.8,2.2
2012,San Germán Municipio,72,125,72125,7.1,1.8,34.8,2.0,37.5,1.9
2012,San Juan Municipio,72,127,72127,16.0,0.7,45.5,0.6,54.3,0.6
2012,San Lorenzo Municipio,72,129,72129,14.0,2.1,38.4,1.7,44.7,1.7
2012,San Sebastián Municipio,72,131,72131,22.1,3.7,28.1,2.1,36.1,2.1
2012,Santa Isabel Municipio,72,133,72133,13.2,2.5,39.7,2.2,45.9,2.4
2012,Toa Alta Municipio,72,135,72135,14.6,1.7,46.2,1.3,54.3,1.3
2012,Toa Baja Municipio,72,137,72137,17.0,1.3,45.7,1.4,55.1,1.3
2012,Trujillo Alto Municipio,72,139,72139,7.9,1.0,49.5,1.2,53.8,1.2
2012,Utuado Municipio,72,141,72141,30.9,2.9,27.1,1.5,39.3,1.9
2012,Vega Alta Municipio,72,143,72143,19.5,2.8,31.8,1.7,39.6,1.8
2012,Vega Baja Municipio,72,145,72145,12.7,1.9,30.0,1.2,34.5,1.3
2012,Vieques Municipio,72,147,72147,12.7,5.0,41.1,4.7,47.0,4.5
2012,Villalba Municipio,72,149,72149,28.2,3.4,34.7,2.1,48.4,2.1
2012,Yabucoa Municipio,72,151,72151,23.3,2.7,29.9,1.8,39.0,1.7
2012,Yauco Municipio,72,153,72153,31.1,2.5,29.3,1.5,42.6,1.6
2013,Adjuntas Municipio,72,001,72001,27.2,3.9,28.8,2.0,39.6,2.1
2013,Aguada Municipio,72,003,72003,30.3,3.0,33.1,1.7,47.5,1.7
2013,Aguadilla Municipio,72,005,72005,25.9,2.2,29.5,1.3,40.0,1.5
2013,Aguas Buenas Municipio,72,007,72007,16.5,3.1,29.3,2.0,35.1,2.3
2013,Aibonito Municipio,72,009,72009,10.0,2.3,31.3,2.0,34.9,2.0
2013,Arecibo Municipio,72,013,72013,15.8,1.4,31.9,1.2,37.9,1.3
2013,Arroyo Municipio,72,015,72015,29.4,3.9,31.1,2.9,44.0,3.4
2013,Añasco Municipio,72,011,72011,11.9,2.6,35.3,2.1,40.1,2.0
2013,Barceloneta Municipio,72,017,72017,20.3,3.6,28.2,2.5,35.4,2.7
2013,Barranquitas Municipio,72,019,72019,12.5,2.7,30.6,2.2,34.9,2.3
2013,Bayamón Municipio,72,021,72021,18.1,0.9,42.3,0.8,51.7,0.8
2013,Cabo Rojo Municipio,72,023,72023,12.2,2.6,30.8,1.9,35.1,2.1
2013,Caguas Municipio,72,025,72025,15.8,1.2,43.3,0.9,51.5,0.9
2013,Camuy Municipio,72,027,72027,19.9,3.0,35.2,2.0,43.9,1.9
2013,Canóvanas Municipio,72,029,72029,20.1,2.2,42.2,1.7,52.9,1.4
2013,Carolina Municipio,72,031,72031,14.5,1.0,46.8,0.9,54.7,0.7
2013,Cataño Municipio,72,033,72033,28.8,3.3,37.7,2.0,52.9,1.7
2013,Cayey Municipio,72,035,72035,15.1,1.9,42.2,1.8,49.7,1.6
2013,Ceiba Municipio,72,037,72037,13.4,3.6,36.2,2.6,41.8,2.5
2013,Ciales Municipio,72,039,72039,20.6,4.6,25.1,2.3,31.6,2.2
2013,Cidra Municipio,72,041,72041,13.1,1.9,46.4,1.7,53.4,1.6
2013,Coamo Municipio,72,043,72043,13.4,2.1,35.1,1.7,40.7,1.7
2013,Comerío Municipio,72,045,72045,11.5,3.2,29.3,2.8,33.1,3.0
2013,Corozal Municipio,72,047,72047,15.9,3.1,31.2,2.4,37.0,2.3
2013,Culebra Municipio,72,049,72049,6.6,7.1,48.2,7.7,51.7,7.9
2013,Dorado Municipio,72,051,72051,16.3,2.7,42.3,2.0,50.6,1.9
2013,Fajardo Municipio,72,053,72053,22.1,2.6,40.0,1.9,51.4,1.5
2013,Florida Municipio,72,054,72054,16.1,4.8,33.3,3.5,39.8,3.8
2013,Guayama Municipio,72,057,72057,20.3,2.4,32.4,1.4,40.7,1.6
2013,Guayanilla Municipio,72,059,72059,27.1,3.4,27.4,2.1,37.7,2.3
2013,Guaynabo Municipio,72,061,72061,14.7,1.2,48.7,1.0,57.4,0.9
2013,Gurabo Municipio,72,063,72063,12.6,2.0,46.5,2.0,53.2,1.9
2013,Guánica Municipio,72,055,72055,33.1,4.0,24.8,2.5,37.1,2.9
2013,Hatillo Municipio,72,065,72065,19.2,2.7,37.3,2.0,46.2,1.9
2013,Hormigueros Municipio,72,067,72067,18.0,3.6,35.8,2.2,43.6,2.4
2013,Humacao Municipio,72,069,72069,15.3,2.1,36.1,1.6,42.7,1.6
2013,Isabela Municipio,72,071,72071,17.8,2.8,30.7,1.8,37.5,1.9
2013,Jayuya Municipio,72,073,72073,26.2,3.8,33.8,2.4,45.7,2.2
2013,Juana Díaz Municipio,72,075,72075,18.7,2.2,36.0,1.6,44.4,1.5
2013,Juncos Municipio,72,077,72077,19.9,2.5,37.9,2.0,47.3,2.1
2013,Lajas Municipio,72,079,72079,11.8,2.9,25.0,2.4,28.3,2.6
2013,Lares Municipio,72,081,72081,29.7,3.5,26.6,1.9,37.8,2.0
2013,Las Marías Municipio,72,083,72083,6.7,2.7,37.0,3.4,39.6,3.4
2013,Las Piedras Municipio,72,085,72085,20.0,2.9,34.4,2.0,43.1,2.0
2013,Loíza Municipio,72,087,72087,26.4,3.0,39.6,2.0,53.8,1.8
2013,Luquillo Municipio,72,089,72089,24.5,3.4,38.9,2.3,51.6,2.2
2013,Manatí Municipio,72,091,72091,22.2,2.7,33.8,1.6,43.5,1.5
2013,Maricao Municipio,72,093,72093,6.3,4.2,36.0,6.0,38.4,5.9
2013,Maunabo Municipio,72,095,72095,26.7,6.2,29.4,3.7,40.2,3.5
2013,Mayagüez Municipio,72,097,72097,18.7,1.4,30.7,1.0,37.8,1.0
2013,Moca Municipio,72,099,72099,22.5,3.4,31.6,2.1,40.9,2.2
2013,Morovis Municipio,72,101,72101,28.1,4.0,30.8,2.5,42.8,2.3
2013,Naguabo Municipio,72,103,72103,16.4,3.4,36.5,2.6,43.7,2.7
2013,Naranjito Municipio,72,105,72105,13.0,3.2,29.8,1.9,34.2,1.9
2013,Orocovis Municipio,72,107,72107,29.5,4.0,27.3,2.2,38.7,2.8
2013,Patillas Municipio,72,109,72109,31.2,4.9,28.9,2.6,42.1,2.3
2013,Peñuelas Municipio,72,111,72111,27.3,3.3,32.3,1.9,44.5,2.0
2013,Ponce Municipio,72,113,72113,23.3,1.0,35.3,0.7,46.0,0.8
2013,Quebradillas Municipio,72,115,72115,17.2,3.5,28.9,2.0,34.9,2.2
2013,Rincón Municipio,72,117,72117,24.0,4.4,34.2,2.3,45.0,2.4
2013,Río Grande Municipio,72,119,72119,22.1,2.3,40.4,2.0,51.9,1.7
2013,Sabana Grande Municipio,72,121,72121,29.7,4.1,29.1,2.3,41.4,2.3
2013,Salinas Municipio,72,123,72123,21.0,3.5,32.7,2.1,41.4,2.1
2013,San Germán Municipio,72,125,72125,7.1,1.8,32.9,1.8,35.5,1.7
2013,San Juan Municipio,72,127,72127,16.1,0.6,44.6,0.6,53.2,0.5
2013,San Lorenzo Municipio,72,129,72129,16.6,2.4,36.6,1.7,43.9,1.7
2013,San Sebastián Municipio,72,131,72131,24.0,3.2,27.3,1.8,35.9,2.0
2013,Santa Isabel Municipio,72,133,72133,11.7,2.6,40.1,2.4,45.5,2.2
2013,Toa Alta Municipio,72,135,72135,16.2,1.8,45.1,1.6,53.9,1.5
2013,Toa Baja Municipio,72,137,72137,17.6,1.2,45.2,1.1,55.0,1.0
2013,Trujillo Alto Municipio,72,139,72139,8.8,1.1,49.0,1.2,53.7,1.1
2013,Utuado Municipio,72,141,72141,33.7,3.2,25.4,1.7,38.4,1.8
2013,Vega Alta Municipio,72,143,72143,21.5,3.6,31.6,2.0,40.2,2.1
2013,Vega Baja Municipio,72,145,72145,13.4,2.0,30.2,1.6,34.9,1.7
2013,Vieques Municipio,72,147,72147,10.1,4.5,41.6,4.5,46.3,4.5
2013,Villalba Municipio,72,149,72149,28.2,3.1,35.6,2.2,49.5,2.3
2013,Yabucoa Municipio,72,151,72151,22.3,2.9,29.2,1.6,37.6,1.5
2013,Yauco Municipio,72,153,72153,29.8,3.1,29.1,1.7,41.6,1.8
2014,Adjuntas Municipio,72,001,72001,34.0,4.0,28.0,2.2,42.4,2.3
2014,Aguada Municipio,72,003,72003,27.9,3.0,34.2,1.8,47.5,1.9
2014,Aguadilla Municipio,72,005,72005,24.5,2.5,29.5,1.5,39.1,1.5
2014,Aguas Buenas Municipio,72,007,72007,21.6,3.4,29.2,2.3,37.3,2.5
2014,Aibonito Municipio,72,009,72009,9.5,2.4,29.9,2.2,33.0,2.2
2014,Arecibo Municipio,72,013,72013,16.6,2.0,32.0,1.3,38.4,1.4
2014,Arroyo Municipio,72,015,72015,26.1,5.4,29.6,3.1,40.0,3.1
2014,Añasco Municipio,72,011,72011,13.4,2.6,34.8,2.3,40.1,2.4
2014,Barceloneta Municipio,72,017,72017,17.1,3.3,28.1,2.6,34.0,2.6
2014,Barranquitas Municipio,72,019,72019,8.0,2.7,29.1,2.3,31.6,2.3
2014,Bayamón Municipio,72,021,72021,16.9,1.0,42.4,0.8,51.1,0.6
2014,Cabo Rojo Municipio,72,023,72023,12.0,2.6,30.2,1.8,34.4,1.9
2014,Caguas Municipio,72,025,72025,16.0,1.4,43.3,1.0,51.6,0.9
2014,Camuy Municipio,72,027,72027,19.3,2.8,35.0,1.8,43.4,1.7
2014,Canóvanas Municipio,72,029,72029,21.3,2.4,40.6,1.7,51.6,1.7
2014,Carolina Municipio,72,031,72031,14.4,1.1,46.6,0.8,54.5,0.7
2014,Cataño Municipio,72,033,72033,30.6,3.0,37.1,2.0,53.5,1.8
2014,Cayey Municipio,72,035,72035,14.9,1.8,42.0,1.7,49.3,1.6
2014,Ceiba Municipio,72,037,72037,11.7,3.0,36.0,2.7,40.8,2.6
2014,Ciales Municipio,72,039,72039,21.3,3.8,24.5,2.2,31.1,2.4
2014,Cidra Municipio,72,041,72041,13.6,1.8,44.7,1.8,51.9,1.6
2014,Coamo Municipio,72,043,72043,13.4,2.1,35.6,1.8,41.3,1.8
2014,Comerío Municipio,72,045,72045,14.2,3.1,30.5,2.9,35.6,2.9
2014,Corozal Municipio,72,047,72047,16.1,3.2,30.7,2.1,36.5,2.1
2014,Culebra Municipio,72,049,72049,3.1,2.7,53.9,6.6,55.6,6.5
2014,Dorado Municipio,72,051,72051,17.8,2.6,41.2,1.7,50.4,1.6
2014,Fajardo Municipio,72,053,72053,25.6,2.5,38.4,1.5,51.7,1.5
2014,Florida Municipio,72,054,72054,18.0,5.3,32.0,4.2,39.0,4.2
2014,Guayama Municipio,72,057,72057,20.0,2.7,29.8,1.9,37.3,2.0
2014,Guayanilla Municipio,72,059,72059,24.0,3.6,28.3,2.1,37.2,2.2
2014,Guaynabo Municipio,72,061,72061,13.7,1.1,48.6,1.1,56.4,1.1
2014,Gurabo Municipio,72,063,72063,13.6,2.1,45.8,2.1,53.1,2.0
2014,Guánica Municipio,72,055,72055,31.8,4.6,24.5,2.4,35.9,2.6
2014,Hatillo Municipio,72,065,72065,17.2,2.5,37.1,2.0,44.9,2.0
2014,Hormigueros Municipio,72,067,72067,21.1,4.3,34.1,2.7,43.2,2.5
2014,Humacao Municipio,72,069,72069,15.0,2.2,34.8,1.6,41.0,1.5
2014,Isabela Municipio,72,071,72071,19.5,3.0,29.8,1.9,37.1,1.7
2014,Jayuya Municipio,72,073,72073,31.8,4.9,28.1,3.0,41.2,3.5
2014,Juana Díaz Municipio,72,075,72075,16.6,1.9,37.6,1.5,45.2,1.6
2014,Juncos Municipio,72,077,72077,21.2,3.5,36.8,2.4,46.7,2.3
2014,Lajas Municipio,72,079,72079,14.8,3.6,24.0,2.5,28.1,2.5
2014,Lares Municipio,72,081,72081,32.9,3.3,27.4,1.8,40.9,2.0
2014,Las Marías Municipio,72,083,72083,6.5,2.6,34.1,3.0,36.5,3.1
2014,Las Piedras Municipio,72,085,72085,21.2,3.6,33.6,2.1,42.7,2.0
2014,Loíza Municipio,72,087,72087,26.4,2.4,38.6,1.5,52.4,1.4
2014,Luquillo Municipio,72,089,72089,26.9,3.9,37.8,2.5,51.7,2.5
2014,Manatí Municipio,72,091,72091,20.8,2.6,33.9,1.5,42.8,1.4
2014,Maricao Municipio,72,093,72093,9.3,6.4,33.3,4.6,36.7,5.0
2014,Maunabo Municipio,72,095,72095,30.5,7.3,26.5,3.4,38.1,3.2
2014,Mayagüez Municipio,72,097,72097,21.3,1.7,30.5,1.2,38.7,1.2
2014,Moca Municipio,72,099,72099,22.7,3.2,30.5,1.7,39.6,1.8
2014,Morovis Municipio,72,101,72101,23.4,4.0,32.0,2.4,41.7,2.4
2014,Naguabo Municipio,72,103,72103,12.9,4.1,35.1,2.8,40.3,2.5
2014,Naranjito Municipio,72,105,72105,15.7,3.8,31.3,2.1,37.1,2.2
2014,Orocovis Municipio,72,107,72107,27.7,4.2,26.9,2.1,37.2,2.2
2014,Patillas Municipio,72,109,72109,30.3,4.9,27.0,2.9,38.7,2.8
2014,Peñuelas Municipio,72,111,72111,27.5,3.3,30.9,2.0,42.7,2.2
2014,Ponce Municipio,72,113,72113,22.6,1.2,34.0,0.7,43.9,0.7
2014,Quebradillas Municipio,72,115,72115,17.0,3.8,29.5,2.4,35.6,2.3
2014,Rincón Municipio,72,117,72117,23.2,4.2,34.7,2.5,45.2,2.5
2014,Río Grande Municipio,72,119,72119,24.2,2.2,39.5,1.7,52.2,1.7
2014,Sabana Grande Municipio,72,121,72121,25.6,4.6,26.9,2.4,36.2,2.3
2014,Salinas Municipio,72,123,72123,16.1,3.0,33.9,2.0,40.4,1.7
2014,San Germán Municipio,72,125,72125,7.7,1.8,32.3,1.8,35.0,1.7
2014,San Juan Municipio,72,127,72127,15.8,0.5,44.4,0.6,52.8,0.6
2014,San Lorenzo Municipio,72,129,72129,16.6,2.6,35.8,2.0,42.9,1.9
2014,San Sebastián Municipio,72,131,72131,29.8,3.9,26.0,1.8,37.0,1.9
2014,Santa Isabel Municipio,72,133,72133,12.3,3.0,38.3,2.4,43.8,2.7
2014,Toa Alta Municipio,72,135,72135,15.4,1.7,45.6,1.6,54.0,1.4
2014,Toa Baja Municipio,72,137,72137,17.9,1.5,45.1,1.0,55.0,1.0
2014,Trujillo Alto Municipio,72,139,72139,8.6,1.1,48.1,1.3,52.7,1.3
2014,Utuado Municipio,72,141,72141,32.7,3.4,25.9,1.9,38.4,1.9
2014,Vega Alta Municipio,72,143,72143,19.5,2.6,32.5,1.9,40.4,1.9
2014,Vega Baja Municipio,72,145,72145,12.2,2.3,30.0,1.5,34.2,1.7
2014,Vieques Municipio,72,147,72147,14.3,6.7,38.7,5.1,45.2,4.9
2014,Villalba Municipio,72,149,72149,26.5,2.9,36.0,2.0,49.0,2.3
2014,Yabucoa Municipio,72,151,72151,25.4,3.2,27.7,1.7,37.1,1.8
2014,Yauco Municipio,72,153,72153,28.0,3.2,28.5,2.0,39.7,1.8
2015,Adjuntas Municipio,72,001,72001,36.5,4.8,27.2,2.4,42.9,2.7
2015,Aguada Municipio,72,003,72003,25.1,3.0,35.0,1.8,46.8,1.8
2015,Aguadilla Municipio,72,005,72005,23.2,2.4,31.2,1.6,40.8,1.7
2015,Aguas Buenas Municipio,72,007,72007,24.6,3.8,29.1,2.5,38.6,2.7
2015,Aibonito Municipio,72,009,72009,6.0,2.4,29.5,2.1,31.4,2.2
2015,Arecibo Municipio,72,013,72013,17.7,1.8,31.2,1.3,37.9,1.3
2015,Arroyo Municipio,72,015,72015,22.9,4.8,26.8,3.1,34.7,3.3
2015,Añasco Municipio,72,011,72011,15.0,3.3,35.6,2.2,41.9,2.0
2015,Barceloneta Municipio,72,017,72017,17.1,3.9,27.5,2.4,33.2,2.4
2015,Barranquitas Municipio,72,019,72019,6.8,2.4,27.1,2.3,29.1,2.3
2015,Bayamón Municipio,72,021,72021,16.1,0.8,42.6,0.6,50.9,0.6
2015,Cabo Rojo Municipio,72,023,72023,11.8,2.1,30.4,1.7,34.5,1.6
2015,Caguas Municipio,72,025,72025,15.9,1.3,43.3,1.0,51.5,1.0
2015,Camuy Municipio,72,027,72027,21.4,3.2,32.5,2.0,41.3,1.9
2015,Canóvanas Municipio,72,029,72029,22.6,2.3,39.8,1.8,51.4,1.8
2015,Carolina Municipio,72,031,72031,14.5,1.0,46.7,0.8,54.7,0.7
2015,Cataño Municipio,72,033,72033,30.8,3.3,37.2,2.0,53.8,1.8
2015,Cayey Municipio,72,035,72035,12.8,1.7,42.1,1.4,48.3,1.4
2015,Ceiba Municipio,72,037,72037,12.2,3.4,36.0,3.1,41.0,3.1
2015,Ciales Municipio,72,039,72039,17.7,4.3,24.2,2.5,29.4,2.5
2015,Cidra Municipio,72,041,72041,13.7,1.8,44.6,1.7,51.8,1.6
2015,Coamo Municipio,72,043,72043,11.5,2.4,36.2,2.1,41.0,2.1
2015,Comerío Municipio,72,045,72045,20.6,3.9,29.5,2.2,37.1,2.4
2015,Corozal Municipio,72,047,72047,23.1,3.7,28.2,2.3,36.7,2.5
2015,Culebra Municipio,72,049,72049,3.2,2.6,52.1,7.1,53.9,6.8
2015,Dorado Municipio,72,051,72051,19.4,3.1,40.1,2.1,50.0,1.9
2015,Fajardo Municipio,72,053,72053,25.1,2.8,38.8,1.9,51.9,1.8
2015,Florida Municipio,72,054,72054,15.7,5.0,32.0,4.3,38.0,4.2
2015,Guayama Municipio,72,057,72057,17.4,3.7,27.9,1.9,33.8,2.0
2015,Guayanilla Municipio,72,059,72059,22.5,3.5,28.5,2.1,36.8,2.5
2015,Guaynabo Municipio,72,061,72061,12.4,1.2,48.0,1.1,54.9,1.0
2015,Gurabo Municipio,72,063,72063,13.4,2.4,47.4,2.2,54.8,2.1
2015,Guánica Municipio,72,055,72055,27.2,4.2,26.4,2.6,36.3,2.8
2015,Hatillo Municipio,72,065,72065,13.3,2.7,37.7,2.0,43.5,1.7
2015,Hormigueros Municipio,72,067,72067,22.6,3.8,35.2,2.5,45.6,2.4
2015,Humacao Municipio,72,069,72069,13.8,2.2,34.6,1.7,40.2,1.7
2015,Isabela Municipio,72,071,72071,20.3,2.6,29.1,1.6,36.5,1.7
2015,Jayuya Municipio,72,073,72073,31.7,4.5,27.4,2.6,40.0,3.0
2015,Juana Díaz Municipio,72,075,72075,17.2,2.4,38.5,1.6,46.6,1.6
2015,Juncos Municipio,72,077,72077,24.0,3.2,36.8,2.2,48.4,2.3
2015,Lajas Municipio,72,079,72079,17.6,4.0,24.5,2.4,29.8,2.5
2015,Lares Municipio,72,081,72081,35.2,3.9,26.6,1.7,41.1,1.9
2015,Las Marías Municipio,72,083,72083,4.6,2.8,33.3,3.5,34.9,3.4
2015,Las Piedras Municipio,72,085,72085,22.5,3.5,32.9,2.1,42.5,2.2
2015,Loíza Municipio,72,087,72087,26.2,2.3,37.7,1.7,51.1,1.8
2015,Luquillo Municipio,72,089,72089,28.5,3.6,36.1,2.3,50.5,2.3
2015,Manatí Municipio,72,091,72091,18.9,2.7,33.5,1.6,41.3,1.4
2015,Maricao Municipio,72,093,72093,10.7,5.7,29.9,4.7,33.4,4.9
2015,Maunabo Municipio,72,095,72095,27.9,6.7,25.8,3.5,35.8,3.7
2015,Mayagüez Municipio,72,097,72097,22.9,2.0,30.3,1.3,39.3,1.5
2015,Moca Municipio,72,099,72099,23.0,3.6,30.2,2.3,39.2,2.1
2015,Morovis Municipio,72,101,72101,24.7,3.6,30.5,2.6,40.5,2.5
2015,Naguabo Municipio,72,103,72103,10.9,3.6,34.8,2.4,39.1,2.4
2015,Naranjito Municipio,72,105,72105,21.9,4.2,30.7,2.3,39.3,2.4
2015,Orocovis Municipio,72,107,72107,31.2,5.2,25.3,2.3,36.8,2.1
2015,Patillas Municipio,72,109,72109,27.5,5.1,26.0,3.1,35.8,3.1
2015,Peñuelas Municipio,72,111,72111,26.1,3.9,30.7,2.3,41.7,2.3
2015,Ponce Municipio,72,113,72113,20.0,1.1,33.4,0.9,41.8,1.0
2015,Quebradillas Municipio,72,115,72115,16.1,3.7,31.2,2.2,37.2,2.3
2015,Rincón Municipio,72,117,72117,17.6,3.7,36.0,2.8,43.9,2.9
2015,Río Grande Municipio,72,119,72119,23.9,2.5,39.9,1.6,52.5,1.7
2015,Sabana Grande Municipio,72,121,72121,24.3,4.8,27.2,2.5,36.0,2.6
2015,Salinas Municipio,72,123,72123,12.1,2.4,32.9,1.9,37.7,2.0
2015,San Germán Municipio,72,125,72125,6.8,1.7,31.7,1.7,34.0,1.7
2015,San Juan Municipio,72,127,72127,15.8,0.7,43.6,0.6,51.8,0.5
2015,San Lorenzo Municipio,72,129,72129,15.8,2.7,35.3,2.0,42.0,1.9
2015,San Sebastián Municipio,72,131,72131,29.4,3.6,27.0,1.8,38.2,1.9
2015,Santa Isabel Municipio,72,133,72133,12.2,3.1,39.0,2.7,44.5,2.8
2015,Toa Alta Municipio,72,135,72135,15.7,1.9,45.5,1.5,54.0,1.5
2015,Toa Baja Municipio,72,137,72137,19.0,1.6,43.9,1.2,54.2,1.1
2015,Trujillo Alto Municipio,72,139,72139,7.9,1.1,48.9,1.4,53.1,1.5
2015,Utuado Municipio,72,141,72141,28.8,2.9,26.9,1.7,37.8,1.7
2015,Vega Alta Municipio,72,143,72143,21.7,3.8,31.6,2.1,40.4,2.0
2015,Vega Baja Municipio,72,145,72145,15.2,2.3,30.0,1.8,35.4,1.9
2015,Vieques Municipio,72,147,72147,12.2,6.3,39.0,5.0,44.4,5.3
2015,Villalba Municipio,72,149,72149,25.9,2.8,35.0,2.0,47.4,2.2
2015,Yabucoa Municipio,72,151,72151,24.3,2.9,27.8,2.0,36.8,2.0
2015,Yauco Municipio,72,153,72153,27.1,3.8,27.9,2.0,38.4,1.7
2016,Adjuntas Municipio,72,001,72001,35.6,5.0,27.3,2.3,42.3,2.4
2016,Aguada Municipio,72,003,72003,21.2,2.8,35.5,1.8,45.2,2.0
2016,Aguadilla Municipio,72,005,72005,22.2,2.6,30.9,1.5,39.9,1.4
2016,Aguas Buenas Municipio,72,007,72007,24.6,3.6,30.3,2.0,40.1,2.2
2016,Aibonito Municipio,72,009,72009,6.0,2.2,30.1,2.1,32.1,2.1
2016,Arecibo Municipio,72,013,72013,18.1,1.9,30.8,1.1,37.6,1.2
2016,Arroyo Municipio,72,015,72015,22.3,5.7,26.1,2.9,33.6,2.8
2016,Añasco Municipio,72,011,72011,15.5,2.8,37.0,2.2,43.8,2.2
2016,Barceloneta Municipio,72,017,72017,17.7,4.5,27.2,2.9,33.0,2.6
2016,Barranquitas Municipio,72,019,72019,9.2,2.3,27.0,2.3,29.7,2.3
2016,Bayamón Municipio,72,021,72021,15.2,1.0,43.0,0.7,50.8,0.8
2016,Cabo Rojo Municipio,72,023,72023,11.0,2.0,31.7,1.9,35.6,2.0
2016,Caguas Municipio,72,025,72025,15.4,1.3,43.1,1.1,51.1,1.0
2016,Camuy Municipio,72,027,72027,20.0,3.2,32.0,2.0,40.0,2.2
2016,Canóvanas Municipio,72,029,72029,22.2,2.9,39.3,2.1,50.6,1.7
2016,Carolina Municipio,72,031,72031,14.2,1.0,46.9,0.8,54.8,0.7
2016,Cataño Municipio,72,033,72033,29.7,2.6,37.1,1.7,52.7,1.6
2016,Cayey Municipio,72,035,72035,12.1,1.8,40.4,1.8,46.1,1.6
2016,Ceiba Municipio,72,037,72037,11.4,3.7,34.3,2.9,38.9,3.0
2016,Ciales Municipio,72,039,72039,14.1,4.1,24.6,2.9,28.6,2.9
2016,Cidra Municipio,72,041,72041,16.5,2.3,40.7,1.8,48.8,1.6
2016,Coamo Municipio,72,043,72043,10.4,2.7,36.1,2.3,40.3,2.3
2016,Comerío Municipio,72,045,72045,22.0,3.8,29.7,2.5,38.2,2.6
2016,Corozal Municipio,72,047,72047,27.8,4.0,27.8,2.6,38.4,2.8
2016,Culebra Municipio,72,049,72049,3.6,2.5,56.1,6.7,58.2,6.6
2016,Dorado Municipio,72,051,72051,21.1,2.8,38.5,2.0,49.0,2.1
2016,Fajardo Municipio,72,053,72053,25.8,2.7,39.5,1.9,53.3,1.6
2016,Florida Municipio,72,054,72054,16.9,5.6,30.1,4.5,36.3,4.4
2016,Guayama Municipio,72,057,72057,14.5,3.3,27.1,2.2,31.7,2.1
2016,Guayanilla Municipio,72,059,72059,22.3,3.8,28.0,2.1,36.1,2.2
2016,Guaynabo Municipio,72,061,72061,11.6,1.4,48.4,1.3,54.8,1.2
2016,Gurabo Municipio,72,063,72063,14.9,2.2,47.4,2.2,55.7,2.1
2016,Guánica Municipio,72,055,72055,30.8,4.6,24.6,2.1,35.6,2.3
2016,Hatillo Municipio,72,065,72065,10.5,2.3,36.9,2.0,41.3,1.8
2016,Hormigueros Municipio,72,067,72067,22.0,3.5,35.2,2.1,45.2,1.9
2016,Humacao Municipio,72,069,72069,12.6,2.3,34.6,1.5,39.7,1.4
2016,Isabela Municipio,72,071,72071,20.1,2.9,29.3,1.9,36.7,1.9
2016,Jayuya Municipio,72,073,72073,28.1,5.4,25.2,3.3,35.0,3.7
2016,Juana Díaz Municipio,72,075,72075,19.8,2.2,39.1,1.7,48.8,1.7
2016,Juncos Municipio,72,077,72077,26.0,3.3,36.0,2.1,48.7,2.0
2016,Lajas Municipio,72,079,72079,17.4,3.6,24.8,2.5,30.0,2.5
2016,Lares Municipio,72,081,72081,36.0,3.8,27.1,1.9,42.3,2.2
2016,Las Marías Municipio,72,083,72083,2.8,2.4,33.0,4.3,33.9,4.2
2016,Las Piedras Municipio,72,085,72085,20.8,3.4,33.5,2.0,42.3,2.3
2016,Loíza Municipio,72,087,72087,26.1,2.7,37.0,2.0,50.0,1.9
2016,Luquillo Municipio,72,089,72089,26.4,3.4,37.5,2.6,50.9,2.6
2016,Manatí Municipio,72,091,72091,17.0,2.1,32.9,1.5,39.7,1.5
2016,Maricao Municipio,72,093,72093,12.3,6.3,28.7,3.5,32.7,3.7
2016,Maunabo Municipio,72,095,72095,24.4,5.6,25.2,3.1,33.3,3.3
2016,Mayagüez Municipio,72,097,72097,23.7,2.1,30.5,1.3,40.0,1.3
2016,Moca Municipio,72,099,72099,23.7,3.9,29.5,2.1,38.7,1.9
2016,Morovis Municipio,72,101,72101,21.8,4.5,32.1,2.9,41.0,2.7
2016,Naguabo Municipio,72,103,72103,11.6,4.3,34.2,2.6,38.7,2.4
2016,Naranjito Municipio,72,105,72105,22.0,3.5,32.6,2.1,41.8,2.0
2016,Orocovis Municipio,72,107,72107,28.6,4.8,26.3,2.5,36.8,2.6
2016,Patillas Municipio,72,109,72109,26.0,5.7,27.0,2.9,36.4,2.9
2016,Peñuelas Municipio,72,111,72111,24.6,3.5,30.7,2.0,40.9,2.2
2016,Ponce Municipio,72,113,72113,17.0,1.1,32.9,0.8,39.8,0.8
2016,Quebradillas Municipio,72,115,72115,16.4,3.9,31.4,2.6,37.6,2.8
2016,Rincón Municipio,72,117,72117,14.6,3.6,35.5,3.2,41.8,3.0
2016,Río Grande Municipio,72,119,72119,22.8,2.6,40.5,1.8,52.5,1.7
2016,Sabana Grande Municipio,72,121,72121,21.7,3.9,28.3,2.5,36.1,2.7
2016,Salinas Municipio,72,123,72123,11.4,2.8,33.0,2.0,37.5,2.0
2016,San Germán Municipio,72,125,72125,7.7,2.1,31.8,1.9,34.4,1.8
2016,San Juan Municipio,72,127,72127,15.4,0.8,43.5,0.6,51.5,0.5
2016,San Lorenzo Municipio,72,129,72129,14.2,2.2,34.9,1.8,40.7,1.7
2016,San Sebastián Municipio,72,131,72131,30.1,3.6,26.1,1.6,37.3,1.7
2016,Santa Isabel Municipio,72,133,72133,10.9,3.1,40.7,2.5,45.7,2.4
2016,Toa Alta Municipio,72,135,72135,15.0,1.8,45.2,1.5,53.2,1.4
2016,Toa Baja Municipio,72,137,72137,18.3,1.6,44.0,1.0,53.9,1.0
2016,Trujillo Alto Municipio,72,139,72139,8.0,1.2,48.4,1.3,52.6,1.4
2016,Utuado Municipio,72,141,72141,29.1,3.3,26.8,1.7,37.7,1.6
2016,Vega Alta Municipio,72,143,72143,21.0,3.0,31.9,1.6,40.4,2.0
2016,Vega Baja Municipio,72,145,72145,17.3,3.0,31.2,1.9,37.8,1.7
2016,Vieques Municipio,72,147,72147,12.3,6.7,40.6,5.6,46.2,5.8
2016,Villalba Municipio,72,149,72149,24.8,2.9,36.2,2.2,48.3,2.2
2016,Yabucoa Municipio,72,151,72151,24.2,3.7,28.3,2.0,37.4,2.0
2016,Yauco Municipio,72,153,72153,24.0,2.9,28.8,1.7,38.0,1.8
2017,Adjuntas Municipio,72,001,72001,40.9,3.5,25.0,2.1,42.2,3.1
2017,Aguada Municipio,72,003,72003,17.6,3.0,36.5,2.3,44.4,2.3
2017,Aguadilla Municipio,72,005,72005,22.6,2.2,30.4,1.3,39.4,1.3
2017,Aguas Buenas Municipio,72,007,72007,20.7,4.3,33.9,2.6,42.8,2.3
2017,Aibonito Municipio,72,009,72009,6.4,2.0,31.0,2.3,33.2,2.3
2017,Arecibo Municipio,72,013,72013,17.4,2.0,31.0,1.2,37.6,1.2
2017,Arroyo Municipio,72,015,72015,15.7,5.5,25.4,3.9,30.1,3.5
2017,Añasco Municipio,72,011,72011,14.3,3.2,38.3,2.6,44.7,2.5
2017,Barceloneta Municipio,72,017,72017,18.9,5.0,28.5,3.0,35.2,2.9
2017,Barranquitas Municipio,72,019,72019,11.7,3.6,26.1,2.5,29.5,2.6
2017,Bayamón Municipio,72,021,72021,14.5,0.9,43.0,0.7,50.3,0.7
2017,Cabo Rojo Municipio,72,023,72023,12.8,2.6,30.6,2.0,35.1,2.0
2017,Caguas Municipio,72,025,72025,15.4,1.1,42.7,1.0,50.6,1.0
2017,Camuy Municipio,72,027,72027,19.1,3.1,33.1,1.9,41.1,1.9
2017,Canóvanas Municipio,72,029,72029,23.3,2.6,38.3,2.0,50.1,1.8
2017,Carolina Municipio,72,031,72031,14.1,1.0,46.6,0.7,54.4,0.7
2017,Cataño Municipio,72,033,72033,27.9,2.8,37.4,1.8,52.1,1.6
2017,Cayey Municipio,72,035,72035,10.6,1.8,39.5,1.9,44.2,1.8
2017,Ceiba Municipio,72,037,72037,11.9,4.1,34.9,2.7,39.7,2.9
2017,Ciales Municipio,72,039,72039,20.1,5.0,23.8,2.4,29.8,2.5
2017,Cidra Municipio,72,041,72041,16.9,2.4,39.3,1.9,47.4,1.8
2017,Coamo Municipio,72,043,72043,8.2,2.0,36.1,2.4,39.3,2.3
2017,Comerío Municipio,72,045,72045,25.0,4.8,31.0,2.9,41.4,3.0
2017,Corozal Municipio,72,047,72047,29.1,3.8,28.6,2.4,40.4,2.3
2017,Culebra Municipio,72,049,72049,1.6,1.7,55.2,6.4,56.1,6.5
2017,Dorado Municipio,72,051,72051,20.7,3.7,39.5,2.6,49.9,2.3
2017,Fajardo Municipio,72,053,72053,28.4,3.0,37.8,2.1,52.8,1.9
2017,Florida Municipio,72,054,72054,17.3,6.0,31.6,4.4,38.2,4.5
2017,Guayama Municipio,72,057,72057,7.9,2.2,27.5,2.5,29.9,2.4
2017,Guayanilla Municipio,72,059,72059,23.9,3.5,28.8,2.2,37.9,2.4
2017,Guaynabo Municipio,72,061,72061,10.6,1.4,47.5,1.4,53.3,1.3
2017,Gurabo Municipio,72,063,72063,14.8,2.6,47.0,2.7,55.2,2.7
2017,Guánica Municipio,72,055,72055,31.2,4.9,23.7,2.3,34.5,2.5
2017,Hatillo Municipio,72,065,72065,9.4,2.3,35.9,2.3,39.6,2.3
2017,Hormigueros Municipio,72,067,72067,23.1,3.6,35.1,2.3,45.6,2.5
2017,Humacao Municipio,72,069,72069,13.3,2.3,33.1,1.8,38.2,1.8
2017,Isabela Municipio,72,071,72071,19.4,3.0,30.4,1.8,37.7,2.1
2017,Jayuya Municipio,72,073,72073,27.1,7.7,26.3,4.0,36.1,3.5
2017,Juana Díaz Municipio,72,075,72075,21.9,2.1,39.4,1.7,50.7,1.6
2017,Juncos Municipio,72,077,72077,26.9,4.4,35.7,2.8,48.8,2.4
2017,Lajas Municipio,72,079,72079,17.8,4.7,25.0,2.5,30.4,2.4
2017,Lares Municipio,72,081,72081,36.2,3.3,27.1,2.1,42.4,2.2
2017,Las Marías Municipio,72,083,72083,2.4,2.6,32.3,3.9,33.0,4.0
2017,Las Piedras Municipio,72,085,72085,21.0,3.9,32.8,2.0,41.5,2.0
2017,Loíza Municipio,72,087,72087,28.6,3.4,34.6,2.3,48.4,1.9
2017,Luquillo Municipio,72,089,72089,27.3,4.0,36.4,3.1,50.1,2.9
2017,Manatí Municipio,72,091,72091,18.1,2.2,32.7,1.6,39.9,1.8
2017,Maricao Municipio,72,093,72093,12.1,6.8,29.4,4.2,33.4,4.5
2017,Maunabo Municipio,72,095,72095,24.6,5.9,24.2,3.5,32.1,3.5
2017,Mayagüez Municipio,72,097,72097,25.9,2.4,29.9,1.4,40.4,1.4
2017,Moca Municipio,72,099,72099,26.2,3.9,28.5,2.0,38.8,1.8
2017,Morovis Municipio,72,101,72101,20.5,3.7,33.5,2.6,42.1,2.4
2017,Naguabo Municipio,72,103,72103,11.2,3.7,33.5,3.2,37.8,3.1
2017,Naranjito Municipio,72,105,72105,23.8,4.4,32.2,2.8,42.3,2.3
2017,Orocovis Municipio,72,107,72107,32.1,4.5,25.5,2.3,37.6,2.4
2017,Patillas Municipio,72,109,72109,19.9,3.9,27.7,2.3,34.6,2.5
2017,Peñuelas Municipio,72,111,72111,23.3,3.5,31.1,2.3,40.5,2.4
2017,Ponce Municipio,72,113,72113,15.3,1.2,32.1,0.9,38.0,0.9
2017,Quebradillas Municipio,72,115,72115,13.1,4.0,32.5,2.9,37.4,3.3
2017,Rincón Municipio,72,117,72117,14.3,5.1,34.7,3.5,40.6,3.4
2017,Río Grande Municipio,72,119,72119,22.9,2.8,40.2,1.9,52.3,1.7
2017,Sabana Grande Municipio,72,121,72121,21.4,4.6,28.0,2.7,35.7,2.5
2017,Salinas Municipio,72,123,72123,9.1,2.2,35.7,2.4,39.5,2.3
2017,San Germán Municipio,72,125,72125,8.3,2.4,31.1,2.3,33.9,2.3
2017,San Juan Municipio,72,127,72127,15.0,0.8,43.3,0.6,51.0,0.6
2017,San Lorenzo Municipio,72,129,72129,11.7,2.3,35.8,2.1,40.6,1.9
2017,San Sebastián Municipio,72,131,72131,28.0,3.5,26.8,1.7,37.2,1.7
2017,Santa Isabel Municipio,72,133,72133,9.7,2.7,41.3,2.5,45.7,2.5
2017,Toa Alta Municipio,72,135,72135,13.8,1.8,44.5,1.5,51.7,1.5
2017,Toa Baja Municipio,72,137,72137,18.7,1.7,42.9,1.3,52.8,1.3
2017,Trujillo Alto Municipio,72,139,72139,7.3,1.0,49.2,1.2,53.1,1.2
2017,Utuado Municipio,72,141,72141,30.0,3.7,26.6,1.8,38.0,1.6
2017,Vega Alta Municipio,72,143,72143,21.5,3.6,31.1,2.3,39.6,2.5
2017,Vega Baja Municipio,72,145,72145,16.8,2.7,31.9,1.8,38.4,2.0
2017,Vieques Municipio,72,147,72147,12.8,6.4,41.0,6.1,47.0,6.6
2017,Villalba Municipio,72,149,72149,24.8,3.1,36.2,2.3,48.2,2.3
2017,Yabucoa Municipio,72,151,72151,25.4,3.8,27.6,2.3,37.1,2.4
2017,Yauco Municipio,72,153,72153,24.0,3.9,29.1,2.0,38.3,2.1
2018,Adjuntas Municipio,72,001,72001,38.4,5.7,25.7,2.6,41.7,3.0
2018,Aguada Municipio,72,003,72003,14.3,2.5,36.1,2.0,42.2,2.1
2018,Aguadilla Municipio,72,005,72005,20.4,2.3,30.9,1.5,39.0,1.7
2018,Aguas Buenas Municipio,72,007,72007,18.5,3.8,34.9,2.7,42.8,2.5
2018,Aibonito Municipio,72,009,72009,5.4,2.1,34.2,2.2,36.3,2.2
2018,Arecibo Municipio,72,013,72013,17.6,1.9,31.6,1.3,38.4,1.3
2018,Arroyo Municipio,72,015,72015,12.1,5.1,25.4,3.4,28.9,3.7
2018,Añasco Municipio,72,011,72011,12.9,2.8,37.8,2.7,43.5,2.6
2018,Barceloneta Municipio,72,017,72017,18.4,4.7,30.0,2.9,36.8,3.2
2018,Barranquitas Municipio,72,019,72019,13.3,3.4,28.5,2.4,32.9,2.7
2018,Bayamón Municipio,72,021,72021,13.7,0.8,42.9,0.7,49.7,0.7
2018,Cabo Rojo Municipio,72,023,72023,14.0,3.2,29.9,2.2,34.8,2.2
2018,Caguas Municipio,72,025,72025,13.8,1.3,42.9,1.0,49.8,1.0
2018,Camuy Municipio,72,027,72027,16.0,3.2,32.1,2.0,38.4,2.2
2018,Canóvanas Municipio,72,029,72029,23.4,2.5,38.3,1.8,50.1,1.8
2018,Carolina Municipio,72,031,72031,14.8,1.1,45.9,0.8,54.0,0.7
2018,Cataño Municipio,72,033,72033,25.1,2.9,38.5,2.0,51.6,1.7
2018,Cayey Municipio,72,035,72035,8.9,1.8,38.5,1.8,42.3,1.6
2018,Ceiba Municipio,72,037,72037,11.9,4.8,35.9,2.8,40.9,2.6
2018,Ciales Municipio,72,039,72039,20.0,5.7,24.4,2.9,30.5,3.0
2018,Cidra Municipio,72,041,72041,16.9,2.7,37.2,2.1,44.9,1.9
2018,Coamo Municipio,72,043,72043,7.4,2.4,36.3,2.0,39.2,2.3
2018,Comerío Municipio,72,045,72045,26.2,4.7,29.6,3.2,40.1,3.4
2018,Corozal Municipio,72,047,72047,30.2,4.4,28.6,2.4,41.0,2.4
2018,Culebra Municipio,72,049,72049,0.8,1.2,54.6,7.7,55.1,7.5
2018,Dorado Municipio,72,051,72051,22.0,3.3,38.5,2.5,49.8,2.2
2018,Fajardo Municipio,72,053,72053,28.4,2.9,37.6,2.4,52.5,2.3
2018,Florida Municipio,72,054,72054,17.2,5.0,33.2,4.4,40.1,4.6
2018,Guayama Municipio,72,057,72057,7.8,2.3,28.0,2.3,30.4,2.5
2018,Guayanilla Municipio,72,059,72059,22.7,4.1,30.4,2.5,39.3,2.3
2018,Guaynabo Municipio,72,061,72061,10.3,1.3,47.3,1.5,52.9,1.4
2018,Gurabo Municipio,72,063,72063,16.4,3.0,47.4,2.6,56.7,2.2
2018,Guánica Municipio,72,055,72055,30.1,5.3,25.1,2.7,35.9,3.0
2018,Hatillo Municipio,72,065,72065,7.0,1.9,36.1,2.0,38.9,1.8
2018,Hormigueros Municipio,72,067,72067,23.1,4.6,35.0,2.7,45.6,2.2
2018,Humacao Municipio,72,069,72069,13.6,2.5,33.3,2.0,38.6,1.7
2018,Isabela Municipio,72,071,72071,18.4,2.8,30.6,2.0,37.5,1.9
2018,Jayuya Municipio,72,073,72073,22.2,7.0,27.7,4.0,35.6,4.4
2018,Juana Díaz Municipio,72,075,72075,22.0,2.1,39.1,1.7,50.2,1.6
2018,Juncos Municipio,72,077,72077,27.0,3.6,35.1,2.3,48.1,2.3
2018,Lajas Municipio,72,079,72079,21.2,4.7,23.6,2.9,29.9,2.8
2018,Lares Municipio,72,081,72081,28.5,3.6,29.4,2.2,41.1,2.1
2018,Las Marías Municipio,72,083,72083,3.2,3.6,30.9,4.5,31.9,4.5
2018,Las Piedras Municipio,72,085,72085,18.3,3.2,34.0,1.9,41.6,2.1
2018,Loíza Municipio,72,087,72087,27.0,2.6,35.0,1.8,48.0,1.8
2018,Luquillo Municipio,72,089,72089,25.2,4.1,36.9,2.8,49.3,2.5
2018,Manatí Municipio,72,091,72091,17.2,2.8,33.8,1.9,40.8,1.8
2018,Maricao Municipio,72,093,72093,12.5,6.5,25.8,3.7,29.4,3.8
2018,Maunabo Municipio,72,095,72095,27.0,7.1,24.4,4.1,33.4,4.2
2018,Mayagüez Municipio,72,097,72097,26.8,2.5,28.8,1.4,39.4,1.4
2018,Moca Municipio,72,099,72099,26.5,4.0,30.0,2.4,40.9,2.3
2018,Morovis Municipio,72,101,72101,20.8,4.1,33.9,2.1,42.8,2.4
2018,Naguabo Municipio,72,103,72103,10.3,4.0,33.3,2.4,37.1,2.6
2018,Naranjito Municipio,72,105,72105,24.1,4.0,32.1,2.8,42.3,2.6
2018,Orocovis Municipio,72,107,72107,34.1,4.0,25.3,2.2,38.4,2.6
2018,Patillas Municipio,72,109,72109,19.2,4.0,28.1,2.7,34.9,2.8
2018,Peñuelas Municipio,72,111,72111,23.9,3.8,30.6,2.0,40.2,2.2
2018,Ponce Municipio,72,113,72113,14.2,1.1,32.4,0.8,37.8,0.8
2018,Quebradillas Municipio,72,115,72115,11.8,3.4,34.4,2.5,39.0,2.3
2018,Rincón Municipio,72,117,72117,9.9,3.8,37.8,3.2,42.1,3.1
2018,Río Grande Municipio,72,119,72119,23.3,2.7,39.5,2.0,51.6,1.5
2018,Sabana Grande Municipio,72,121,72121,17.4,3.6,30.0,2.7,36.3,2.8
2018,Salinas Municipio,72,123,72123,8.5,2.7,34.5,2.3,37.9,2.3
2018,San Germán Municipio,72,125,72125,7.6,2.2,30.9,2.2,33.5,2.2
2018,San Juan Municipio,72,127,72127,15.4,0.7,43.6,0.6,51.6,0.6
2018,San Lorenzo Municipio,72,129,72129,9.3,2.1,36.5,1.9,40.2,1.9
2018,San Sebastián Municipio,72,131,72131,25.9,4.0,27.5,1.9,37.1,2.0
2018,Santa Isabel Municipio,72,133,72133,8.4,2.9,43.4,2.7,47.4,2.5
2018,Toa Alta Municipio,72,135,72135,12.1,1.4,45.1,1.5,51.4,1.6
2018,Toa Baja Municipio,72,137,72137,17.5,2.1,42.9,1.5,52.1,1.3
2018,Trujillo Alto Municipio,72,139,72139,6.7,1.0,48.8,1.4,52.3,1.4
2018,Utuado Municipio,72,141,72141,29.4,3.7,27.0,1.8,38.3,2.1
2018,Vega Alta Municipio,72,143,72143,20.4,3.2,32.3,2.4,40.5,2.7
2018,Vega Baja Municipio,72,145,72145,18.8,2.7,32.7,1.8,40.2,2.0
2018,Vieques Municipio,72,147,72147,14.9,7.0,35.3,5.5,41.5,5.7
2018,Villalba Municipio,72,149,72149,22.8,2.9,35.5,2.2,46.1,2.4
2018,Yabucoa Municipio,72,151,72151,25.9,3.9,28.6,2.3,38.7,2.0
2018,Yauco Municipio,72,153,72153,19.9,3.2,29.5,1.9,36.9,2.1
2019,Adjuntas Municipio,72,001,72001,34.1,4.3,26.2,2.4,39.8,3.1
2019,Aguada Municipio,72,003,72003,11.2,2.3,35.3,2.2,39.8,2.2
2019,Aguadilla Municipio,72,005,72005,20.8,2.6,31.3,1.5,39.8,1.5
2019,Aguas Buenas Municipio,72,007,72007,12.7,3.6,37.0,2.7,42.4,2.5
2019,Aibonito Municipio,72,009,72009,5.1,1.4,36.6,2.0,38.6,2.0
2019,Arecibo Municipio,72,013,72013,17.9,1.7,32.1,1.3,39.2,1.4
2019,Arroyo Municipio,72,015,72015,13.8,5.0,24.4,3.7,28.3,4.0
2019,Añasco Municipio,72,011,72011,10.9,2.5,37.1,2.5,41.6,2.5
2019,Barceloneta Municipio,72,017,72017,19.8,5.0,32.9,3.4,41.1,3.5
2019,Barranquitas Municipio,72,019,72019,18.1,3.8,30.4,2.8,37.1,2.9
2019,Bayamón Municipio,72,021,72021,12.7,0.8,43.3,0.8,49.6,0.8
2019,Cabo Rojo Municipio,72,023,72023,14.8,3.2,31.1,2.0,36.5,1.9
2019,Caguas Municipio,72,025,72025,13.2,1.3,42.8,1.0,49.5,0.9
2019,Camuy Municipio,72,027,72027,12.6,2.6,33.3,2.0,38.5,2.0
2019,Canóvanas Municipio,72,029,72029,23.5,2.5,39.3,1.7,51.6,1.8
2019,Carolina Municipio,72,031,72031,14.8,1.2,45.4,1.0,53.3,0.8
2019,Cataño Municipio,72,033,72033,21.0,3.0,38.3,2.3,48.7,1.9
2019,Cayey Municipio,72,035,72035,9.3,1.8,36.5,1.7,40.3,1.6
2019,Ceiba Municipio,72,037,72037,12.7,4.6,36.1,2.9,41.4,3.0
2019,Ciales Municipio,72,039,72039,19.6,4.8,27.1,3.0,33.8,3.1
2019,Cidra Municipio,72,041,72041,15.1,2.5,36.7,1.7,43.3,1.6
2019,Coamo Municipio,72,043,72043,6.1,1.9,36.1,2.2,38.5,2.1
2019,Comerío Municipio,72,045,72045,23.8,4.9,30.9,3.6,40.6,3.7
2019,Corozal Municipio,72,047,72047,32.0,4.3,29.0,2.3,42.7,2.3
2019,Culebra Municipio,72,049,72049,3.1,3.3,54.2,7.3,56.0,7.5
2019,Dorado Municipio,72,051,72051,19.1,3.3,40.2,2.3,49.9,2.0
2019,Fajardo Municipio,72,053,72053,26.2,2.9,39.3,2.0,53.3,2.0
2019,Florida Municipio,72,054,72054,17.9,6.1,36.1,4.2,43.9,4.0
2019,Guayama Municipio,72,057,72057,7.8,2.5,29.3,2.2,31.8,2.2
2019,Guayanilla Municipio,72,059,72059,21.7,4.1,31.6,2.6,40.4,2.6
2019,Guaynabo Municipio,72,061,72061,9.5,1.2,47.7,1.3,53.0,1.1
2019,Gurabo Municipio,72,063,72063,16.9,3.0,47.0,2.9,56.6,2.7
2019,Guánica Municipio,72,055,72055,29.6,4.6,24.5,2.3,34.7,2.6
2019,Hatillo Municipio,72,065,72065,6.7,2.3,37.4,2.1,40.2,2.1
2019,Hormigueros Municipio,72,067,72067,22.6,3.7,36.2,2.7,47.0,2.7
2019,Humacao Municipio,72,069,72069,11.3,2.3,34.6,1.9,39.1,1.6
2019,Isabela Municipio,72,071,72071,15.2,3.0,30.2,1.9,35.7,2.1
2019,Jayuya Municipio,72,073,72073,15.1,6.0,27.4,4.7,32.3,4.8
2019,Juana Díaz Municipio,72,075,72075,21.6,2.4,38.6,1.7,49.3,1.7
2019,Juncos Municipio,72,077,72077,23.5,3.5,37.7,2.5,49.3,2.6
2019,Lajas Municipio,72,079,72079,22.9,5.4,25.3,3.2,32.8,3.5
2019,Lares Municipio,72,081,72081,19.6,3.3,30.8,2.3,38.3,2.3
2019,Las Marías Municipio,72,083,72083,4.9,4.4,31.9,5.1,33.5,5.4
2019,Las Piedras Municipio,72,085,72085,14.5,3.2,34.6,2.3,40.5,2.5
2019,Loíza Municipio,72,087,72087,24.8,3.2,36.9,1.9,49.0,1.7
2019,Luquillo Municipio,72,089,72089,25.2,3.6,36.3,2.8,48.5,2.8
2019,Manatí Municipio,72,091,72091,18.4,3.1,33.1,2.0,40.6,1.8
2019,Maricao Municipio,72,093,72093,9.1,5.9,23.5,3.8,25.9,3.9
2019,Maunabo Municipio,72,095,72095,26.9,7.8,23.2,3.7,31.8,4.0
2019,Mayagüez Municipio,72,097,72097,26.5,2.5,28.6,1.4,39.0,1.3
2019,Moca Municipio,72,099,72099,24.4,3.3,32.2,2.0,42.7,1.8
2019,Morovis Municipio,72,101,72101,21.8,3.3,34.6,2.0,44.3,2.3
2019,Naguabo Municipio,72,103,72103,15.2,6.0,33.7,3.6,39.7,3.4
2019,Naranjito Municipio,72,105,72105,23.6,4.6,31.1,2.5,40.7,2.7
2019,Orocovis Municipio,72,107,72107,31.6,4.2,27.6,2.3,40.4,2.3
2019,Patillas Municipio,72,109,72109,18.6,4.6,29.1,3.3,35.9,3.5
2019,Peñuelas Municipio,72,111,72111,22.0,4.4,31.5,2.5,40.5,2.2
2019,Ponce Municipio,72,113,72113,12.4,1.1,32.7,0.9,37.4,1.0
2019,Quebradillas Municipio,72,115,72115,8.0,3.2,35.5,3.2,38.5,3.0
2019,Rincón Municipio,72,117,72117,7.3,3.7,39.2,3.6,42.3,3.5
2019,Río Grande Municipio,72,119,72119,22.0,2.9,40.7,1.9,52.2,1.6
2019,Sabana Grande Municipio,72,121,72121,16.8,4.4,34.2,2.6,41.1,2.5
2019,Salinas Municipio,72,123,72123,5.3,2.2,34.7,2.7,37.0,2.7
2019,San Germán Municipio,72,125,72125,6.6,2.0,29.4,2.0,31.5,2.0
2019,San Juan Municipio,72,127,72127,15.8,0.9,43.5,0.7,51.7,0.7
2019,San Lorenzo Municipio,72,129,72129,8.0,2.3,35.7,2.1,38.8,2.1
2019,San Sebastián Municipio,72,131,72131,20.0,3.2,29.4,2.0,36.8,1.9
2019,Santa Isabel Municipio,72,133,72133,7.1,3.1,45.3,2.4,48.7,2.2
2019,Toa Alta Municipio,72,135,72135,11.5,1.6,45.8,1.5,51.8,1.5
2019,Toa Baja Municipio,72,137,72137,15.9,1.6,42.8,1.3,51.0,1.1
2019,Trujillo Alto Municipio,72,139,72139,5.4,1.0,49.5,1.4,52.4,1.3
2019,Utuado Municipio,72,141,72141,31.0,4.2,26.1,2.0,37.9,2.2
2019,Vega Alta Municipio,72,143,72143,21.6,3.2,33.7,2.5,43.0,2.9
2019,Vega Baja Municipio,72,145,72145,17.4,2.3,34.4,1.5,41.7,1.5
2019,Vieques Municipio,72,147,72147,7.5,5.0,35.3,6.8,38.2,7.1
2019,Villalba Municipio,72,149,72149,21.9,3.4,35.9,2.4,46.1,2.3
2019,Yabucoa Municipio,72,151,72151,19.8,3.7,31.0,2.5,38.7,2.5
2019,Yauco Municipio,72,153,72153,20.2,3.7,28.8,2.1,36.1,2.2
2020,Adjuntas Municipio,72,001,72001,29.8,5.1,26.3,2.2,37.5,2.8
2020,Aguada Municipio,72,003,72003,7.7,1.8,34.7,2.0,37.6,1.9
2020,Aguadilla Municipio,72,005,72005,17.4,2.4,31.7,1.6,38.7,1.6
2020,Aguas Buenas Municipio,72,007,72007,9.7,3.2,38.9,2.6,43.1,2.6
2020,Aibonito Municipio,72,009,72009,6.0,1.8,37.1,2.5,39.6,2.3
2020,Arecibo Municipio,72,013,72013,17.7,1.8,33.0,1.3,40.1,1.2
2020,Arroyo Municipio,72,015,72015,12.9,5.0,26.0,4.1,29.8,4.5
2020,Añasco Municipio,72,011,72011,9.6,2.7,36.5,2.6,40.4,2.5
2020,Barceloneta Municipio,72,017,72017,18.6,4.6,33.6,3.6,41.3,3.5
2020,Barranquitas Municipio,72,019,72019,18.0,3.5,32.7,2.8,39.9,2.8
2020,Bayamón Municipio,72,021,72021,11.6,0.9,43.2,0.7,48.9,0.7
2020,Cabo Rojo Municipio,72,023,72023,12.9,2.9,33.5,2.2,38.5,2.2
2020,Caguas Municipio,72,025,72025,12.8,1.3,42.8,1.1,49.2,0.9
2020,Camuy Municipio,72,027,72027,7.3,2.1,35.4,2.4,38.7,2.3
2020,Canóvanas Municipio,72,029,72029,22.2,2.7,39.6,2.0,51.2,2.2
2020,Carolina Municipio,72,031,72031,14.3,1.2,45.4,1.1,53.1,1.0
2020,Cataño Municipio,72,033,72033,16.7,2.7,38.4,2.1,46.4,2.1
2020,Cayey Municipio,72,035,72035,8.1,1.8,36.7,1.8,40.0,1.7
2020,Ceiba Municipio,72,037,72037,10.5,4.3,35.7,3.4,40.0,3.6
2020,Ciales Municipio,72,039,72039,21.5,5.5,27.3,2.8,34.8,2.9
2020,Cidra Municipio,72,041,72041,12.7,2.4,36.2,1.9,41.7,2.0
2020,Coamo Municipio,72,043,72043,6.9,2.0,35.5,2.4,38.2,2.3
2020,Comerío Municipio,72,045,72045,17.2,4.4,34.4,3.8,41.6,3.7
2020,Corozal Municipio,72,047,72047,25.9,4.9,31.6,3.0,42.7,2.8
2020,Culebra Municipio,72,049,72049,3.3,3.4,55.3,7.3,57.1,7.4
2020,Dorado Municipio,72,051,72051,18.8,3.4,39.3,2.7,48.7,2.6
2020,Fajardo Municipio,72,053,72053,25.9,3.0,38.4,2.2,51.9,1.9
2020,Florida Municipio,72,054,72054,18.9,6.4,37.0,4.0,45.7,4.1
2020,Guayama Municipio,72,057,72057,8.8,3.6,28.6,2.5,31.4,2.3
2020,Guayanilla Municipio,72,059,72059,23.6,4.8,30.2,2.5,39.5,2.1
2020,Guaynabo Municipio,72,061,72061,9.5,1.3,47.7,1.2,53.1,1.2
2020,Gurabo Municipio,72,063,72063,16.0,3.0,46.5,3.0,55.6,2.3
2020,Guánica Municipio,72,055,72055,34.8,6.1,23.4,3.1,35.9,2.8
2020,Hatillo Municipio,72,065,72065,6.1,2.5,37.9,2.5,40.4,2.2
2020,Hormigueros Municipio,72,067,72067,20.5,4.4,36.7,2.9,46.3,2.4
2020,Humacao Municipio,72,069,72069,9.5,2.3,35.1,2.0,38.9,1.9
2020,Isabela Municipio,72,071,72071,10.8,2.4,32.2,2.0,36.2,2.1
2020,Jayuya Municipio,72,073,72073,14.5,5.4,28.7,4.0,33.6,4.3
2020,Juana Díaz Municipio,72,075,72075,21.4,2.5,37.0,2.0,47.3,1.9
2020,Juncos Municipio,72,077,72077,19.8,2.8,39.7,2.3,49.5,2.2
2020,Lajas Municipio,72,079,72079,19.5,4.9,29.2,3.1,36.2,2.9
2020,Lares Municipio,72,081,72081,14.0,3.0,31.9,2.2,37.1,2.1
2020,Las Marías Municipio,72,083,72083,6.1,4.1,32.7,5.1,34.8,5.3
2020,Las Piedras Municipio,72,085,72085,13.0,2.7,35.5,2.1,40.8,2.2
2020,Loíza Municipio,72,087,72087,25.6,3.0,35.9,2.0,48.2,1.8
2020,Luquillo Municipio,72,089,72089,25.5,3.7,37.6,2.5,50.5,2.3
2020,Manatí Municipio,72,091,72091,18.2,3.0,33.5,2.0,40.9,1.9
2020,Maricao Municipio,72,093,72093,7.1,5.4,28.0,4.5,30.1,4.3
2020,Maunabo Municipio,72,095,72095,25.6,8.4,25.6,4.0,34.4,3.6
2020,Mayagüez Municipio,72,097,72097,25.9,2.2,28.8,1.3,38.9,1.3
2020,Moca Municipio,72,099,72099,22.9,3.6,33.8,2.3,44.0,2.2
2020,Morovis Municipio,72,101,72101,18.1,3.6,36.7,2.8,44.7,2.8
2020,Naguabo Municipio,72,103,72103,17.2,5.4,31.7,3.5,38.3,3.6
2020,Naranjito Municipio,72,105,72105,18.2,4.8,31.3,2.8,38.3,2.7
2020,Orocovis Municipio,72,107,72107,25.5,4.5,27.8,2.7,37.3,2.5
2020,Patillas Municipio,72,109,72109,18.8,4.9,29.8,3.1,36.8,3.1
2020,Peñuelas Municipio,72,111,72111,18.0,4.1,32.7,2.7,39.8,2.8
2020,Ponce Municipio,72,113,72113,11.7,1.2,32.2,0.9,36.5,1.0
2020,Quebradillas Municipio,72,115,72115,5.1,2.5,35.3,3.2,37.2,3.2
2020,Rincón Municipio,72,117,72117,7.0,2.9,39.9,3.3,43.0,3.2
2020,Río Grande Municipio,72,119,72119,20.6,2.7,41.8,2.0,52.7,1.5
2020,Sabana Grande Municipio,72,121,72121,18.4,4.7,34.4,2.9,42.2,3.1
2020,Salinas Municipio,72,123,72123,5.8,2.3,35.6,2.7,37.8,2.7
2020,San Germán Municipio,72,125,72125,7.5,2.3,28.1,2.2,30.4,2.2
2020,San Juan Municipio,72,127,72127,16.1,0.8,43.7,0.8,52.3,0.7
2020,San Lorenzo Municipio,72,129,72129,8.9,2.7,35.6,2.2,39.1,2.0
2020,San Sebastián Municipio,72,131,72131,15.5,3.4,30.1,2.3,35.6,2.2
2020,Santa Isabel Municipio,72,133,72133,6.5,2.7,46.0,2.3,49.3,2.1
2020,Toa Alta Municipio,72,135,72135,10.3,1.9,45.4,1.9,50.7,1.8
2020,Toa Baja Municipio,72,137,72137,14.4,1.9,42.8,1.5,50.2,1.3
2020,Trujillo Alto Municipio,72,139,72139,4.7,1.0,49.2,1.6,51.7,1.6
2020,Utuado Municipio,72,141,72141,33.3,5.1,25.7,2.1,38.6,2.3
2020,Vega Alta Municipio,72,143,72143,19.7,3.6,36.6,2.7,45.6,2.8
2020,Vega Baja Municipio,72,145,72145,18.1,2.5,35.1,1.7,42.9,1.7
2020,Vieques Municipio,72,147,72147,13.1,7.7,29.0,8.9,33.4,8.9
2020,Villalba Municipio,72,149,72149,20.0,3.1,36.1,1.8,45.1,2.2
2020,Yabucoa Municipio,72,151,72151,18.1,3.3,31.2,2.5,38.2,2.6
2020,Yauco Municipio,72,153,72153,17.5,3.2,30.4,2.0,36.9,1.8
2021,Adjuntas Municipio,72,001,72001,24.6,5.9,28.8,2.5,38.2,3.1
2021,Aguada Municipio,72,003,72003,7.6,2.3,35.0,2.4,37.9,2.2
2021,Aguadilla Municipio,72,005,72005,17.3,2.3,31.3,1.7,38.1,1.7
2021,Aguas Buenas Municipio,72,007,72007,5.7,2.2,42.0,2.6,44.5,2.6
2021,Aibonito Municipio,72,009,72009,7.5,2.4,36.2,2.4,39.1,2.4
2021,Arecibo Municipio,72,013,72013,18.8,1.9,33.0,1.3,40.7,1.3
2021,Arroyo Municipio,72,015,72015,11.2,5.1,26.7,4.0,30.1,4.2
2021,Añasco Municipio,72,011,72011,9.1,3.1,38.4,2.7,42.2,2.6
2021,Barceloneta Municipio,72,017,72017,15.9,3.9,35.0,3.7,41.6,4.0
2021,Barranquitas Municipio,72,019,72019,16.0,4.2,34.7,3.1,41.3,2.7
2021,Bayamón Municipio,72,021,72021,10.8,1.1,42.1,1.0,47.4,0.9
2021,Cabo Rojo Municipio,72,023,72023,15.2,3.0,35.2,2.3,41.5,2.1
2021,Caguas Municipio,72,025,72025,11.3,1.4,43.3,1.1,48.9,1.1
2021,Camuy Municipio,72,027,72027,7.1,2.0,36.0,2.3,39.2,2.7
2021,Canóvanas Municipio,72,029,72029,21.0,3.0,41.1,1.9,52.3,2.0
2021,Carolina Municipio,72,031,72031,14.0,1.3,45.0,1.2,52.5,1.0
2021,Cataño Municipio,72,033,72033,14.1,2.8,38.2,2.4,45.0,2.2
2021,Cayey Municipio,72,035,72035,7.5,2.1,37.3,2.1,40.5,2.1
2021,Ceiba Municipio,72,037,72037,9.8,3.8,38.3,3.1,42.5,3.3
2021,Ciales Municipio,72,039,72039,23.7,4.9,25.5,2.4,33.4,2.8
2021,Cidra Municipio,72,041,72041,7.5,1.8,38.1,2.1,41.6,2.0
2021,Coamo Municipio,72,043,72043,7.3,2.1,36.7,2.3,39.8,2.2
2021,Comerío Municipio,72,045,72045,14.9,5.3,35.9,4.2,42.3,4.1
2021,Corozal Municipio,72,047,72047,19.5,3.4,33.6,2.8,41.7,2.9
2021,Culebra Municipio,72,049,72049,2.5,2.9,56.3,6.8,57.8,7.0
2021,Dorado Municipio,72,051,72051,16.1,2.5,40.7,2.4,48.8,2.5
2021,Fajardo Municipio,72,053,72053,25.6,3.0,37.2,2.0,50.0,2.1
2021,Florida Municipio,72,054,72054,19.7,6.5,36.9,3.9,46.0,4.3
2021,Guayama Municipio,72,057,72057,7.5,3.0,28.8,2.8,31.1,2.7
2021,Guayanilla Municipio,72,059,72059,23.9,4.3,28.8,2.6,37.8,2.6
2021,Guaynabo Municipio,72,061,72061,9.0,1.4,45.6,1.5,50.5,1.5
2021,Gurabo Municipio,72,063,72063,15.0,3.1,48.3,2.8,57.2,2.5
2021,Guánica Municipio,72,055,72055,34.1,5.7,24.7,2.4,37.4,2.3
2021,Hatillo Municipio,72,065,72065,6.8,2.5,38.5,2.8,41.4,2.8
2021,Hormigueros Municipio,72,067,72067,19.6,4.3,36.5,3.1,45.5,2.6
2021,Humacao Municipio,72,069,72069,9.2,2.3,33.7,2.0,37.1,2.0
2021,Isabela Municipio,72,071,72071,8.8,2.6,32.3,2.5,35.4,2.3
2021,Jayuya Municipio,72,073,72073,18.8,6.4,28.6,4.1,35.2,4.3
2021,Juana Díaz Municipio,72,075,72075,20.7,2.6,36.4,1.9,46.2,1.8
2021,Juncos Municipio,72,077,72077,16.4,3.2,40.9,2.5,48.9,2.5
2021,Lajas Municipio,72,079,72079,21.5,4.8,30.4,3.8,38.8,4.1
2021,Lares Municipio,72,081,72081,11.8,2.9,32.7,2.4,37.0,2.4
2021,Las Marías Municipio,72,083,72083,6.8,6.4,31.2,4.9,33.4,4.8
2021,Las Piedras Municipio,72,085,72085,12.5,2.8,36.3,2.6,41.5,2.6
2021,Loíza Municipio,72,087,72087,25.3,3.5,36.4,2.3,48.7,2.3
2021,Luquillo Municipio,72,089,72089,24.6,3.6,36.3,2.8,48.1,2.6
2021,Manatí Municipio,72,091,72091,19.2,3.0,33.1,1.9,40.9,1.8
2021,Maricao Municipio,72,093,72093,2.6,2.2,32.5,4.9,33.4,4.9
2021,Maunabo Municipio,72,095,72095,27.2,7.9,25.6,4.0,35.1,4.4
2021,Mayagüez Municipio,72,097,72097,25.0,2.2,29.7,1.3,39.6,1.5
2021,Moca Municipio,72,099,72099,24.6,4.0,33.3,2.6,44.3,2.4
2021,Morovis Municipio,72,101,72101,16.0,4.0,36.3,2.5,43.2,2.3
2021,Naguabo Municipio,72,103,72103,15.0,5.6,32.0,3.6,37.6,3.3
2021,Naranjito Municipio,72,105,72105,16.9,5.4,31.0,3.8,37.5,3.2
2021,Orocovis Municipio,72,107,72107,24.3,4.1,27.4,2.8,36.2,3.1
2021,Patillas Municipio,72,109,72109,15.2,4.5,30.2,3.1,35.7,3.6
2021,Peñuelas Municipio,72,111,72111,14.8,3.4,33.7,2.4,39.5,2.5
2021,Ponce Municipio,72,113,72113,12.8,1.2,31.8,1.0,36.5,1.1
2021,Quebradillas Municipio,72,115,72115,5.3,3.5,35.6,3.8,37.5,3.8
2021,Rincón Municipio,72,117,72117,8.2,2.8,40.0,3.2,43.5,3.2
2021,Río Grande Municipio,72,119,72119,21.2,2.7,40.9,1.9,52.0,1.6
2021,Sabana Grande Municipio,72,121,72121,18.5,4.5,31.5,2.7,38.8,2.7
2021,Salinas Municipio,72,123,72123,4.9,2.1,36.4,3.2,38.3,3.1
2021,San Germán Municipio,72,125,72125,7.3,2.4,26.7,2.8,28.8,2.9
2021,San Juan Municipio,72,127,72127,16.6,0.8,43.3,0.6,52.0,0.7
2021,San Lorenzo Municipio,72,129,72129,8.8,2.8,35.5,2.2,39.0,2.2
2021,San Sebastián Municipio,72,131,72131,13.1,2.9,32.7,2.5,37.6,2.5
2021,Santa Isabel Municipio,72,133,72133,8.4,2.6,44.5,2.8,48.9,2.7
2021,Toa Alta Municipio,72,135,72135,10.1,1.8,45.3,1.8,50.5,1.9
2021,Toa Baja Municipio,72,137,72137,13.4,1.6,44.4,1.5,51.5,1.4
2021,Trujillo Alto Municipio,72,139,72139,5.5,1.4,49.1,1.5,52.1,1.4
2021,Utuado Municipio,72,141,72141,31.9,4.9,26.6,2.0,39.0,2.4
2021,Vega Alta Municipio,72,143,72143,21.2,3.9,36.5,2.9,46.4,2.8
2021,Vega Baja Municipio,72,145,72145,17.6,2.5,35.5,1.8,43.1,1.7
2021,Vieques Municipio,72,147,72147,15.2,7.8,28.4,6.1,33.4,6.7
2021,Villalba Municipio,72,149,72149,18.6,3.5,34.8,2.4,42.8,2.7
2021,Yabucoa Municipio,72,151,72151,15.2,3.0,31.9,2.5,37.7,2.5
2021,Yauco Municipio,72,153,72153,17.4,3.9,32.1,2.1,38.9,1.8
2022,Adjuntas Municipio,72,001,72001,21.9,4.7,32.3,2.4,41.3,2.6
2022,Aguada Municipio,72,003,72003,7.6,2.2,34.8,2.4,37.6,2.2
2022,Aguadilla Municipio,72,005,72005,15.5,2.3,32.5,1.9,38.6,1.9
2022,Aguas Buenas Municipio,72,007,72007,5.2,2.3,41.0,2.9,43.3,2.8
2022,Aibonito Municipio,72,009,72009,6.4,2.4,37.3,2.3,39.8,2.4
2022,Arecibo Municipio,72,013,72013,17.6,2.2,34.4,1.4,41.8,1.3
2022,Arroyo Municipio,72,015,72015,11.2,5.1,29.4,3.5,33.1,3.2
2022,Añasco Municipio,72,011,72011,8.4,2.9,39.1,2.7,42.6,2.6
2022,Barceloneta Municipio,72,017,72017,15.8,4.7,36.3,3.6,43.1,3.3
2022,Barranquitas Municipio,72,019,72019,15.5,3.8,36.9,2.9,43.7,2.7
2022,Bayamón Municipio,72,021,72021,9.9,0.9,42.3,0.9,47.0,0.9
2022,Cabo Rojo Municipio,72,023,72023,14.6,2.4,37.9,2.1,44.5,2.2
2022,Caguas Municipio,72,025,72025,9.6,1.3,43.9,1.3,48.7,1.2
2022,Camuy Municipio,72,027,72027,5.4,1.9,38.8,2.5,41.1,2.6
2022,Canóvanas Municipio,72,029,72029,17.7,2.5,43.4,1.9,53.0,1.7
2022,Carolina Municipio,72,031,72031,13.3,1.1,45.3,1.0,52.5,0.9
2022,Cataño Municipio,72,033,72033,13.7,3.1,37.3,2.2,43.6,2.0
2022,Cayey Municipio,72,035,72035,6.7,1.7,38.7,2.2,41.7,2.0
2022,Ceiba Municipio,72,037,72037,11.2,4.2,38.3,3.6,43.1,3.3
2022,Ciales Municipio,72,039,72039,17.7,4.5,29.2,3.1,35.4,2.8
2022,Cidra Municipio,72,041,72041,6.3,1.7,38.3,2.0,41.1,1.8
2022,Coamo Municipio,72,043,72043,7.4,2.4,37.4,2.7,40.6,2.6
2022,Comerío Municipio,72,045,72045,12.7,4.7,35.5,3.7,40.7,3.9
2022,Corozal Municipio,72,047,72047,15.2,3.2,35.7,2.4,42.2,2.4
2022,Culebra Municipio,72,049,72049,3.2,3.4,56.7,7.1,58.5,7.0
2022,Dorado Municipio,72,051,72051,14.2,2.7,41.0,2.0,48.2,2.2
2022,Fajardo Municipio,72,053,72053,22.6,3.2,39.3,2.4,50.9,2.3
2022,Florida Municipio,72,054,72054,22.7,6.3,36.1,3.7,46.7,3.9
2022,Guayama Municipio,72,057,72057,6.8,3.1,30.6,2.6,32.9,2.5
2022,Guayanilla Municipio,72,059,72059,20.6,4.9,30.2,2.7,38.0,2.5
2022,Guaynabo Municipio,72,061,72061,8.2,1.4,47.5,1.5,52.1,1.4
2022,Gurabo Municipio,72,063,72063,14.7,2.4,48.8,2.5,57.7,2.3
2022,Guánica Municipio,72,055,72055,31.3,5.5,26.2,2.7,38.2,2.3
2022,Hatillo Municipio,72,065,72065,6.0,2.5,40.6,2.0,43.2,1.8
2022,Hormigueros Municipio,72,067,72067,16.5,3.9,36.6,3.0,44.1,2.8
2022,Humacao Municipio,72,069,72069,7.3,1.9,35.8,1.9,38.6,1.9
2022,Isabela Municipio,72,071,72071,7.0,1.9,33.6,2.2,36.2,2.2
2022,Jayuya Municipio,72,073,72073,19.8,5.7,29.5,4.0,36.8,3.8
2022,Juana Díaz Municipio,72,075,72075,18.5,2.8,36.1,1.8,44.6,1.8
2022,Juncos Municipio,72,077,72077,14.6,3.1,42.0,2.5,49.3,2.1
2022,Lajas Municipio,72,079,72079,19.8,4.6,33.7,3.1,42.0,2.8
2022,Lares Municipio,72,081,72081,11.0,2.3,34.9,2.2,39.2,2.3
2022,Las Marías Municipio,72,083,72083,8.1,7.3,30.6,5.3,33.3,5.2
2022,Las Piedras Municipio,72,085,72085,10.9,3.0,36.3,2.3,40.8,2.2
2022,Loíza Municipio,72,087,72087,21.7,3.2,37.3,2.4,47.7,1.9
2022,Luquillo Municipio,72,089,72089,22.4,3.9,37.1,3.1,47.8,2.8
2022,Manatí Municipio,72,091,72091,17.4,3.2,33.5,2.1,40.6,2.1
2022,Maricao Municipio,72,093,72093,2.0,2.4,29.8,4.1,30.4,4.2
2022,Maunabo Municipio,72,095,72095,23.7,8.2,26.3,3.8,34.5,4.1
2022,Mayagüez Municipio,72,097,72097,23.9,2.3,30.6,1.5,40.3,1.4
2022,Moca Municipio,72,099,72099,21.3,4.0,35.7,2.7,45.3,2.2
2022,Morovis Municipio,72,101,72101,15.9,3.4,37.6,2.3,44.7,2.6
2022,Naguabo Municipio,72,103,72103,10.0,4.2,35.0,3.7,39.3,3.5
2022,Naranjito Municipio,72,105,72105,17.5,4.8,32.8,3.3,39.9,3.1
2022,Orocovis Municipio,72,107,72107,19.6,3.6,29.9,2.5,37.3,3.0
2022,Patillas Municipio,72,109,72109,13.0,4.0,31.6,2.7,36.5,3.0
2022,Peñuelas Municipio,72,111,72111,12.1,2.9,34.1,2.3,38.8,2.5
2022,Ponce Municipio,72,113,72113,12.7,1.4,32.8,1.0,37.7,0.9
2022,Quebradillas Municipio,72,115,72115,5.7,2.8,37.4,2.7,39.6,2.9
2022,Rincón Municipio,72,117,72117,6.2,2.3,39.6,2.9,42.2,3.0
2022,Río Grande Municipio,72,119,72119,17.6,2.7,43.1,2.0,52.3,1.7
2022,Sabana Grande Municipio,72,121,72121,11.5,3.4,33.3,3.3,37.7,3.1
2022,Salinas Municipio,72,123,72123,6.0,2.6,36.2,2.5,38.5,2.4
2022,San Germán Municipio,72,125,72125,6.5,2.1,28.9,2.1,30.9,2.3
2022,San Juan Municipio,72,127,72127,15.7,0.8,44.0,0.7,52.3,0.7
2022,San Lorenzo Municipio,72,129,72129,8.3,3.0,36.4,2.2,39.8,2.1
2022,San Sebastián Municipio,72,131,72131,14.9,3.1,32.6,2.5,38.4,2.5
2022,Santa Isabel Municipio,72,133,72133,8.6,2.5,42.8,2.7,47.1,2.7
2022,Toa Alta Municipio,72,135,72135,8.6,1.7,46.7,1.8,51.3,1.7
2022,Toa Baja Municipio,72,137,72137,11.3,1.4,46.1,1.3,52.3,1.3
2022,Trujillo Alto Municipio,72,139,72139,6.5,1.4,49.4,1.8,53.0,1.6
2022,Utuado Municipio,72,141,72141,30.5,4.5,27.7,2.3,39.9,2.1
2022,Vega Alta Municipio,72,143,72143,21.6,4.2,38.1,2.6,48.7,2.0
2022,Vega Baja Municipio,72,145,72145,16.3,2.1,36.9,1.7,44.1,1.7
2022,Vieques Municipio,72,147,72147,13.1,7.6,30.0,6.3,34.6,6.0
2022,Villalba Municipio,72,149,72149,13.9,3.4,36.8,2.4,42.8,2.5
2022,Yabucoa Municipio,72,151,72151,11.1,2.9,33.5,2.1,37.8,1.9
2022,Yauco Municipio,72,153,72153,13.5,2.9,34.0,2.0,39.3,1.8
2023,Adjuntas Municipio,72,001,72001,21.4,4.9,32.2,2.6,41.0,2.8
2023,Aguada Municipio,72,003,72003,6.0,2.3,35.7,2.5,38.0,2.3
2023,Aguadilla Municipio,72,005,72005,16.0,2.2,33.3,2.0,39.8,2.0
2023,Aguas Buenas Municipio,72,007,72007,4.5,2.2,41.6,2.8,43.5,2.8
2023,Aibonito Municipio,72,009,72009,6.4,2.5,35.8,2.6,38.2,2.6
2023,Arecibo Municipio,72,013,72013,16.4,1.8,35.4,1.4,42.4,1.4
2023,Arroyo Municipio,72,015,72015,8.8,4.7,33.3,4.2,36.6,4.2
2023,Añasco Municipio,72,011,72011,6.4,2.8,41.3,2.6,44.1,2.4
2023,Barceloneta Municipio,72,017,72017,14.7,4.1,39.0,3.4,45.7,3.6
2023,Barranquitas Municipio,72,019,72019,15.1,4.0,37.1,2.9,43.8,2.8
2023,Bayamón Municipio,72,021,72021,8.6,0.9,43.4,0.8,47.6,0.8
2023,Cabo Rojo Municipio,72,023,72023,14.4,2.4,39.7,1.9,46.4,1.8
2023,Caguas Municipio,72,025,72025,9.1,1.2,44.7,1.3,49.3,1.3
2023,Camuy Municipio,72,027,72027,3.3,1.4,41.4,2.5,43.0,2.5
2023,Canóvanas Municipio,72,029,72029,15.3,2.5,46.1,2.0,54.6,1.9
2023,Carolina Municipio,72,031,72031,11.7,1.2,46.2,1.1,52.6,1.1
2023,Cataño Municipio,72,033,72033,12.2,2.5,39.3,2.5,45.0,2.4
2023,Cayey Municipio,72,035,72035,5.9,1.6,40.5,2.0,43.2,1.9
2023,Ceiba Municipio,72,037,72037,10.3,4.2,38.0,3.9,42.4,3.9
2023,Ciales Municipio,72,039,72039,14.8,3.9,29.4,3.1,34.5,2.8
2023,Cidra Municipio,72,041,72041,5.4,1.7,40.0,2.2,42.5,2.1
2023,Coamo Municipio,72,043,72043,7.0,1.5,37.8,2.2,40.9,2.3
2023,Comerío Municipio,72,045,72045,15.1,4.9,35.0,3.9,41.2,4.0
2023,Corozal Municipio,72,047,72047,8.3,2.3,39.0,2.5,42.5,2.4
2023,Culebra Municipio,72,049,72049,3.3,3.8,58.5,8.3,60.5,7.6
2023,Dorado Municipio,72,051,72051,11.4,2.8,42.2,2.1,48.0,2.0
2023,Fajardo Municipio,72,053,72053,18.3,3.0,41.2,2.2,50.4,2.3
2023,Florida Municipio,72,054,72054,20.5,7.2,35.8,4.2,45.1,4.7
2023,Guayama Municipio,72,057,72057,7.0,2.6,32.8,2.2,35.2,2.1
2023,Guayanilla Municipio,72,059,72059,20.1,4.8,31.2,2.8,39.1,2.5
2023,Guaynabo Municipio,72,061,72061,7.5,1.3,47.3,1.2,51.4,1.2
2023,Gurabo Municipio,72,063,72063,13.0,2.6,48.7,2.6,56.4,2.4
2023,Guánica Municipio,72,055,72055,26.7,5.1,29.4,2.6,40.2,2.5
2023,Hatillo Municipio,72,065,72065,7.4,2.5,41.0,2.3,44.3,2.1
2023,Hormigueros Municipio,72,067,72067,13.5,3.9,38.7,3.2,44.9,2.9
2023,Humacao Municipio,72,069,72069,5.6,1.7,35.9,2.1,38.1,2.1
2023,Isabela Municipio,72,071,72071,8.1,2.8,34.7,2.7,37.9,2.7
2023,Jayuya Municipio,72,073,72073,17.8,5.6,31.1,4.1,37.9,4.3
2023,Juana Díaz Municipio,72,075,72075,17.4,2.7,37.3,2.2,45.4,2.3
2023,Juncos Municipio,72,077,72077,9.3,2.7,46.2,2.8,51.1,2.5
2023,Lajas Municipio,72,079,72079,20.3,4.7,34.2,3.9,43.0,3.8
2023,Lares Municipio,72,081,72081,13.1,2.6,36.0,2.5,41.4,2.3
2023,Las Marías Municipio,72,083,72083,7.1,4.3,33.2,4.0,35.9,4.0
2023,Las Piedras Municipio,72,085,72085,7.9,2.7,40.0,2.6,43.5,2.4
2023,Loíza Municipio,72,087,72087,18.5,2.7,38.4,2.3,47.1,2.4
2023,Luquillo Municipio,72,089,72089,22.5,4.2,37.6,2.9,48.5,2.5
2023,Manatí Municipio,72,091,72091,17.0,3.4,34.1,2.2,41.2,2.2
2023,Maricao Municipio,72,093,72093,0.0,3.9,30.2,4.7,30.2,4.7
2023,Maunabo Municipio,72,095,72095,16.8,5.4,29.1,4.2,35.0,4.1
2023,Mayagüez Municipio,72,097,72097,22.7,2.4,32.7,1.4,42.3,1.4
2023,Moca Municipio,72,099,72099,19.2,4.1,36.8,2.5,45.6,2.2
2023,Morovis Municipio,72,101,72101,13.1,3.1,38.7,2.1,44.6,2.2
2023,Naguabo Municipio,72,103,72103,9.2,4.0,37.4,3.6,41.7,3.7
2023,Naranjito Municipio,72,105,72105,15.9,4.6,35.3,3.4,42.1,2.9
2023,Orocovis Municipio,72,107,72107,14.0,3.4,32.6,2.7,37.9,2.6
2023,Patillas Municipio,72,109,72109,10.2,3.5,32.6,3.3,36.3,3.3
2023,Peñuelas Municipio,72,111,72111,9.3,2.6,38.1,2.9,42.0,3.0
2023,Ponce Municipio,72,113,72113,14.1,1.3,33.0,1.1,38.5,1.0
2023,Quebradillas Municipio,72,115,72115,8.1,3.6,36.4,2.8,39.6,2.7
2023,Rincón Municipio,72,117,72117,6.2,2.3,39.3,2.8,41.9,2.9
2023,Río Grande Municipio,72,119,72119,16.5,2.8,43.6,2.3,52.2,1.8
2023,Sabana Grande Municipio,72,121,72121,13.5,3.7,35.3,2.7,41.0,2.7
2023,Salinas Municipio,72,123,72123,7.0,2.9,37.2,2.6,40.0,2.6
2023,San Germán Municipio,72,125,72125,6.6,2.3,29.4,2.7,31.5,2.9
2023,San Juan Municipio,72,127,72127,14.5,0.9,44.5,0.8,52.1,0.6
2023,San Lorenzo Municipio,72,129,72129,7.3,2.2,37.9,2.3,41.0,2.2
2023,San Sebastián Municipio,72,131,72131,13.8,2.8,33.8,2.0,39.3,2.2
2023,Santa Isabel Municipio,72,133,72133,6.2,1.9,44.8,2.5,48.0,2.4
2023,Toa Alta Municipio,72,135,72135,8.2,1.6,47.8,1.8,52.2,1.6
2023,Toa Baja Municipio,72,137,72137,9.3,1.4,48.1,1.5,53.3,1.4
2023,Trujillo Alto Municipio,72,139,72139,7.2,1.5,51.4,1.6,55.5,1.3
2023,Utuado Municipio,72,141,72141,26.7,4.4,29.4,2.4,40.1,2.1
2023,Vega Alta Municipio,72,143,72143,19.4,4.1,39.0,2.8,48.4,2.1
2023,Vega Baja Municipio,72,145,72145,13.4,2.1,37.2,1.8,43.0,1.9
2023,Vieques Municipio,72,147,72147,8.6,5.5,34.4,6.8,37.6,7.2
2023,Villalba Municipio,72,149,72149,13.5,3.5,37.3,2.8,43.3,2.6
2023,Yabucoa Municipio,72,151,72151,9.7,3.1,33.1,2.2,36.8,2.1
2023,Yauco Municipio,72,153,72153,13.1,2.8,35.6,1.9,41.0,1.8
