year,municipio,income,cpi,real_income
2010,Adjuntas Municipio,11983.0,218.0761666666667,16743.09524500996
2011,Adjuntas Municipio,12975.0,224.923,17577.288949996222
2012,Adjuntas Municipio,13095.0,229.58608333333333,17379.542368458016
2013,Adjuntas Municipio,11528.0,232.95174999999998,15078.786200718963
2014,Adjuntas Municipio,10550.0,236.715,13580.165846411648
2015,Adjuntas Municipio,10499.0,237.00175000000002,13498.166346169735
2016,Adjuntas Municipio,11296.0,240.00541666666666,14341.085774105793
2017,Adjuntas Municipio,11680.0,245.121,14519.13408751868
2018,Adjuntas Municipio,12902.0,251.0995,15656.316154884153
2019,Adjuntas Municipio,14012.0,255.65258333333335,16700.456250686555
2020,Adjuntas Municipio,14253.0,258.85575,16777.485095463402
2021,Adjuntas Municipio,15375.0,270.96791666666667,17289.22973660781
2022,Adjuntas Municipio,17659.0,292.6254166666667,18387.913601148222
2023,Adjuntas Municipio,18605.0,304.70416666666665,18605.0
2010,Aguada Municipio,14103.0,218.0761666666667,19705.23844115626
2011,Aguada Municipio,14935.0,224.923,20232.509477317424
2012,Aguada Municipio,15106.0,229.58608333333333,20048.519818092922
2013,Aguada Municipio,15665.0,232.95174999999998,20490.040408940193
2014,Aguada Municipio,16376.0,236.715,21079.506720458496
2015,Aguada Municipio,16029.0,237.00175000000002,20607.8777371897
2016,Aguada Municipio,15543.0,240.00541666666666,19732.958231845463
2017,Aguada Municipio,16199.0,245.121,20136.597010592046
2018,Aguada Municipio,16347.0,251.0995,19836.75400588213
2019,Aguada Municipio,16738.0,255.65258333333335,19949.488775620295
2020,Aguada Municipio,16802.0,258.85575,19777.96285511654
2021,Aguada Municipio,18733.0,270.96791666666667,21065.309961357663
2022,Aguada Municipio,20301.0,292.6254166666667,21138.967892684188
2023,Aguada Municipio,21694.0,304.70416666666665,21694.0
2010,Aguadilla Municipio,13956.0,218.0761666666667,19499.844549725363
2011,Aguadilla Municipio,14779.0,224.923,20021.175598612266
2012,Aguadilla Municipio,15302.0,229.58608333333333,20308.648898216463
2013,Aguadilla Municipio,15847.0,232.95174999999998,20728.098969707964
2014,Aguadilla Municipio,16767.0,236.715,21582.80954945821
2015,Aguadilla Municipio,17267.0,237.00175000000002,22199.527412069037
2016,Aguadilla Municipio,17191.0,240.00541666666666,21825.212955263163
2017,Aguadilla Municipio,16821.0,245.121,20909.79062381436
2018,Aguadilla Municipio,16693.0,251.0995,20256.618010655802
2019,Aguadilla Municipio,16269.0,255.65258333333335,19390.502622210934
2020,Aguadilla Municipio,16065.0,258.85575,18910.425739045782
2021,Aguadilla Municipio,16940.0,270.96791666666667,19049.07653581374
2022,Aguadilla Municipio,18348.0,292.6254166666667,19105.353573467783
2023,Aguadilla Municipio,19826.0,304.70416666666665,19826.0
2010,Aguas Buenas Municipio,14751.0,218.0761666666667,20610.648248280224
2011,Aguas Buenas Municipio,13792.0,224.923,18684.08240449695
2012,Aguas Buenas Municipio,13994.0,229.58608333333333,18572.685445147115
2013,Aguas Buenas Municipio,14902.0,232.95174999999998,19492.025673413773
2014,Aguas Buenas Municipio,15081.0,236.715,19412.55745305536
2015,Aguas Buenas Municipio,14824.0,237.00175000000002,19058.654911479203
2016,Aguas Buenas Municipio,15409.0,240.00541666666666,19562.835578363683
2017,Aguas Buenas Municipio,16733.0,245.121,20800.399887538533
2018,Aguas Buenas Municipio,17255.0,251.0995,20938.593648467373
2019,Aguas Buenas Municipio,19279.0,255.65258333333335,22978.025696330726
2020,Aguas Buenas Municipio,20190.0,258.85575,23766.043926008984
2021,Aguas Buenas Municipio,21844.0,270.96791666666667,24563.638007574697
2022,Aguas Buenas Municipio,23160.0,292.6254166666667,24115.979330799753
2023,Aguas Buenas Municipio,22361.0,304.70416666666665,22361.0
2010,Aibonito Municipio,15487.0,218.0761666666667,21639.014942791393
2011,Aibonito Municipio,15736.0,224.923,21317.627662207364
2012,Aibonito Municipio,16235.0,229.58608333333333,21546.916407171888
2013,Aibonito Municipio,16189.0,232.95174999999998,21175.439781700145
2014,Aibonito Municipio,16962.0,236.715,21833.81735420231
2015,Aibonito Municipio,17307.0,237.00175000000002,22250.953895910046
2016,Aibonito Municipio,18145.0,240.00541666666666,23036.384682290158
2017,Aibonito Municipio,18387.0,245.121,22856.44849890462
2018,Aibonito Municipio,19720.0,251.0995,23929.82131253414
2019,Aibonito Municipio,20521.0,255.65258333333335,24458.325914954243
2020,Aibonito Municipio,20631.0,258.85575,24285.15365217887
2021,Aibonito Municipio,21139.0,270.96791666666667,23770.863570871705
2022,Aibonito Municipio,22511.0,292.6254166666667,23440.19044540731
2023,Aibonito Municipio,21714.0,304.70416666666665,21714.0
2010,Arecibo Municipio,16564.0,218.0761666666667,23143.83957592798
2011,Arecibo Municipio,17089.0,224.923,23150.542648669398
2012,Arecibo Municipio,17077.0,229.58608333333333,22664.409700355674
2013,Arecibo Municipio,16977.0,232.95174999999998,22206.154868980382
2014,Arecibo Municipio,16997.0,236.715,21878.870037105098
2015,Arecibo Municipio,16485.0,237.00175000000002,21194.139652977243
2016,Arecibo Municipio,16796.0,240.00541666666666,21323.731999104188
2017,Arecibo Municipio,17289.0,245.121,21491.55044855398
2018,Arecibo Municipio,18001.0,251.0995,21843.84956627419
2019,Arecibo Municipio,18647.0,255.65258333333335,22224.76503757866
2020,Arecibo Municipio,19266.0,258.85575,22678.385452129227
2021,Arecibo Municipio,19311.0,270.96791666666667,21715.272549179408
2022,Arecibo Municipio,21799.0,292.6254166666667,22698.801098104657
2023,Arecibo Municipio,23175.0,304.70416666666665,23175.0
2010,Arroyo Municipio,14815.0,218.0761666666667,20700.071439107283
2011,Arroyo Municipio,15551.0,224.923,21067.00735733266
2012,Arroyo Municipio,16114.0,229.58608333333333,21386.326515871133
2013,Arroyo Municipio,16350.0,232.95174999999998,21386.03004699471
2014,Arroyo Municipio,15863.0,236.715,20419.163111054782
2015,Arroyo Municipio,15298.0,237.00175000000002,19668.0587449952
2016,Arroyo Municipio,16387.0,240.00541666666666,20804.47703437249
2017,Arroyo Municipio,15689.0,245.121,19502.627970811693
2018,Arroyo Municipio,16976.0,251.0995,20600.03278912675
2019,Arroyo Municipio,17570.0,255.65258333333335,20941.12306055972
2020,Arroyo Municipio,16206.0,258.85575,19076.399597072887
2021,Arroyo Municipio,14933.0,270.96791666666667,16792.19952239118
2022,Arroyo Municipio,18496.0,292.6254166666667,19259.46259509811
2023,Arroyo Municipio,18931.0,304.70416666666665,18931.0
2010,Añasco Municipio,15244.0,218.0761666666667,21299.486265119907
2011,Añasco Municipio,16291.0,224.923,22069.488576831478
2012,Añasco Municipio,16771.0,229.58608333333333,22258.289809958715
2013,Añasco Municipio,16568.0,232.95174999999998,21671.177114287973
2014,Añasco Municipio,17147.0,236.715,22071.95296383133
2015,Añasco Municipio,17386.0,237.00175000000002,22352.52120149605
2016,Añasco Municipio,17712.0,240.00541666666666,22486.659988576648
2017,Añasco Municipio,18765.0,245.121,23326.331434271237
2018,Añasco Municipio,19379.0,251.0995,23516.024706673383
2019,Añasco Municipio,19919.0,255.65258333333335,23740.821300130283
2020,Añasco Municipio,20167.0,258.85575,23738.970176118037
2021,Añasco Municipio,21189.0,270.96791666666667,23827.088708226525
2022,Añasco Municipio,22673.0,292.6254166666667,23608.877347462123
2023,Añasco Municipio,23591.0,304.70416666666665,23591.0
2010,Barceloneta Municipio,16124.0,218.0761666666667,22529.055138991956
2011,Barceloneta Municipio,16278.0,224.923,22051.877420272715
2012,Barceloneta Municipio,15034.0,229.58608333333333,19952.96219682305
2013,Barceloneta Municipio,14848.0,232.95174999999998,19421.392913625536
2014,Barceloneta Municipio,15228.0,236.715,19601.77872124707
2015,Barceloneta Municipio,15212.0,237.00175000000002,19557.491804737023
2016,Barceloneta Municipio,15549.0,240.00541666666666,19740.575664090913
2017,Barceloneta Municipio,17113.0,245.121,21272.768976002328
2018,Barceloneta Municipio,16889.0,251.0995,20494.460048042045
2019,Barceloneta Municipio,17154.0,255.65258333333335,20445.30591809001
2020,Barceloneta Municipio,17815.0,258.85575,20970.384969878654
2021,Barceloneta Municipio,19051.0,270.96791666666667,21422.90183493433
2022,Barceloneta Municipio,20282.0,292.6254166666667,21119.18362639381
2023,Barceloneta Municipio,21750.0,304.70416666666665,21750.0
2010,Barranquitas Municipio,14751.0,218.0761666666667,20610.648248280224
2011,Barranquitas Municipio,15117.0,224.923,20479.065669140105
2012,Barranquitas Municipio,14907.0,229.58608333333333,19784.409170416468
2013,Barranquitas Municipio,15127.0,232.95174999999998,19786.328839198104
2014,Barranquitas Municipio,15109.0,236.715,19448.59959937759
2015,Barranquitas Municipio,14331.0,237.00175000000002,18424.823498138725
2016,Barranquitas Municipio,14778.0,240.00541666666666,18761.73562055023
2017,Barranquitas Municipio,15694.0,245.121,19508.84335355464
2018,Barranquitas Municipio,15970.0,251.0995,19379.272127848388
2019,Barranquitas Municipio,17036.0,255.65258333333335,20304.665478639465
2020,Barranquitas Municipio,18924.0,258.85575,22275.81056244646
2021,Barranquitas Municipio,20290.0,270.96791666666667,22816.160738586826
2022,Barranquitas Municipio,21262.0,292.6254166666667,22139.635256108133
2023,Barranquitas Municipio,22167.0,304.70416666666665,22167.0
2010,Bayamón Municipio,25294.0,218.0761666666667,35341.72169968138
2011,Bayamón Municipio,25248.0,224.923,34203.57544581924
2012,Bayamón Municipio,24609.0,229.58608333333333,32660.798636531756
2013,Bayamón Municipio,24374.0,232.95174999999998,31881.534945899028
2014,Bayamón Municipio,24597.0,236.715,31661.738324567516
2015,Bayamón Municipio,24430.0,237.00175000000002,31408.725005898334
2016,Bayamón Municipio,24612.0,240.00541666666666,31246.70707084736
2017,Bayamón Municipio,25528.0,245.121,31733.258132378156
2018,Bayamón Municipio,26017.0,251.0995,31571.103503458453
2019,Bayamón Municipio,26420.0,255.65258333333335,31489.156019350474
2020,Bayamón Municipio,26853.0,258.85575,31609.191557460093
2021,Bayamón Municipio,27812.0,270.96791666666667,31274.67040224627
2022,Bayamón Municipio,29403.0,292.6254166666667,30616.67272294927
2023,Bayamón Municipio,30729.0,304.70416666666665,30729.0
2010,Cabo Rojo Municipio,15809.0,218.0761666666667,22088.925371640027
2011,Cabo Rojo Municipio,15681.0,224.923,21243.11892292029
2012,Cabo Rojo Municipio,16003.0,229.58608333333333,21239.00851641341
2013,Cabo Rojo Municipio,17228.0,232.95174999999998,22534.466400588677
2014,Cabo Rojo Municipio,16880.0,236.715,21728.265354258634
2015,Cabo Rojo Municipio,16499.0,237.00175000000002,21212.138922321596
2016,Cabo Rojo Municipio,17088.0,240.00541666666666,21694.447035049558
2017,Cabo Rojo Municipio,16461.0,245.121,20462.283066322347
2018,Cabo Rojo Municipio,16080.0,251.0995,19512.754903932502
2019,Cabo Rojo Municipio,16708.0,255.65258333333335,19913.73273169219
2020,Cabo Rojo Municipio,17261.0,258.85575,20318.26073337499
2021,Cabo Rojo Municipio,18581.0,270.96791666666667,20894.385543799002
2022,Cabo Rojo Municipio,23077.0,292.6254166666667,24029.55332542599
2023,Cabo Rojo Municipio,25720.0,304.70416666666665,25720.0
2010,Caguas Municipio,22951.0,218.0761666666667,32067.994572997046
2011,Caguas Municipio,23177.0,224.923,31397.982735573212
2012,Caguas Municipio,23845.0,229.58608333333333,31646.826099723665
2013,Caguas Municipio,23924.0,232.95174999999998,31292.928614330365
2014,Caguas Municipio,24083.0,236.715,31000.107495652293
2015,Caguas Municipio,23769.0,237.00175000000002,30558.902360425604
2016,Caguas Municipio,24278.0,240.00541666666666,30822.67000918382
2017,Caguas Municipio,24229.0,245.121,30118.50169576114
2018,Caguas Municipio,25006.0,251.0995,30344.275443267175
2019,Caguas Municipio,25136.0,255.65258333333335,29958.79733922761
2020,Caguas Municipio,25823.0,258.85575,30396.758410169885
2021,Caguas Municipio,27062.0,270.96791666666667,30431.293341923934
2022,Caguas Municipio,29279.0,292.6254166666667,30487.554353475214
2023,Caguas Municipio,30113.0,304.70416666666665,30113.0
2010,Camuy Municipio,14985.0,218.0761666666667,20937.601789741657
2011,Camuy Municipio,16899.0,224.923,22893.148822041323
2012,Camuy Municipio,17762.0,229.58608333333333,23573.534291603763
2013,Camuy Municipio,19527.0,232.95174999999998,25541.590747869464
2014,Camuy Municipio,19490.0,236.715,25087.908279295072
2015,Camuy Municipio,17532.0,237.00175000000002,22540.227867515743
2016,Camuy Municipio,17206.0,240.00541666666666,21844.256535876793
2017,Camuy Municipio,17579.0,245.121,21852.04264764477
2018,Camuy Municipio,16831.0,251.0995,20424.078220652238
2019,Camuy Municipio,17000.0,255.65258333333335,20261.75822592574
2020,Camuy Municipio,18571.0,258.85575,21860.287357598456
2021,Camuy Municipio,19745.0,270.96791666666667,22203.306741419263
2022,Camuy Municipio,23263.0,292.6254166666667,24223.230879637074
2023,Camuy Municipio,26094.0,304.70416666666665,26094.0
2010,Canóvanas Municipio,21934.0,218.0761666666667,30647.004181260825
2011,Canóvanas Municipio,21849.0,224.923,29598.93535787803
2012,Canóvanas Municipio,22746.0,229.58608333333333,30188.245186173808
2013,Canóvanas Municipio,21588.0,232.95174999999998,28237.407746453933
2014,Canóvanas Municipio,20494.0,236.715,26380.276668849318
2015,Canóvanas Municipio,20023.0,237.00175000000002,25742.81214871479
2016,Canóvanas Municipio,20426.0,240.00541666666666,25932.27850760313
2017,Canóvanas Municipio,19986.0,245.121,24844.127900098316
2018,Canóvanas Municipio,20673.0,251.0995,25086.267545335613
2019,Canóvanas Municipio,21267.0,255.65258333333335,25347.4595406331
2020,Canóvanas Municipio,21614.0,258.85575,25442.262180126705
2021,Canóvanas Municipio,23517.0,270.96791666666667,26444.931103467046
2022,Canóvanas Municipio,26021.0,292.6254166666667,27095.073323261673
2023,Canóvanas Municipio,27278.0,304.70416666666665,27278.0
2010,Carolina Municipio,28262.0,218.0761666666667,39488.722174286195
2011,Carolina Municipio,28311.0,224.923,38353.03487193395
2012,Carolina Municipio,29470.0,229.58608333333333,39112.26526143243
2013,Carolina Municipio,28674.0,232.95174999999998,37505.99544755513
2014,Carolina Municipio,28660.0,236.715,36891.71119982538
2015,Carolina Municipio,27969.0,237.00175000000002,35958.683163731905
2016,Carolina Municipio,28611.0,240.00541666666666,36323.72566244165
2017,Carolina Municipio,29082.0,245.121,36151.152186063206
2018,Carolina Municipio,29434.0,251.0995,35717.56392054411
2019,Carolina Municipio,29059.0,255.65258333333335,34634.49601689271
2020,Carolina Municipio,29398.0,258.85575,34604.96083887133
2021,Carolina Municipio,30678.0,270.96791666666667,34497.49527542467
2022,Carolina Municipio,32888.0,292.6254166666667,34245.52367147419
2023,Carolina Municipio,35126.0,304.70416666666665,35126.0
2010,Cataño Municipio,18144.0,218.0761666666667,25351.474599470977
2011,Cataño Municipio,18193.0,224.923,24646.136251813583
2012,Cataño Municipio,17780.0,229.58608333333333,23597.423696921232
2013,Cataño Municipio,18977.0,232.95174999999998,24822.183009285545
2014,Cataño Municipio,18625.0,236.715,23974.46340184047
2015,Cataño Municipio,18326.0,237.00175000000002,23561.04357175984
2016,Cataño Municipio,18562.0,240.00541666666666,23565.796223349127
2017,Cataño Municipio,18663.0,245.121,23199.537626315167
2018,Cataño Municipio,18253.0,251.0995,22149.646471485074
2019,Cataño Municipio,17448.0,255.65258333333335,20795.71514858543
2020,Cataño Municipio,18647.0,258.85575,21949.74844419463
2021,Cataño Municipio,20089.0,270.96791666666667,22590.13568642044
2022,Cataño Municipio,22407.0,292.6254166666667,23331.89761939681
2023,Cataño Municipio,24307.0,304.70416666666665,24307.0
2010,Cayey Municipio,19040.0,218.0761666666667,26603.39927104979
2011,Cayey Municipio,20046.0,224.923,27156.403413612657
2012,Cayey Municipio,20912.0,229.58608333333333,27754.180222160674
2013,Cayey Municipio,21223.0,232.95174999999998,27759.98261084824
2014,Cayey Municipio,21058.0,236.715,27106.26847333995
2015,Cayey Municipio,20751.0,237.00175000000002,26678.774154621216
2016,Cayey Municipio,20577.0,240.00541666666666,26123.983885780355
2017,Cayey Municipio,20442.0,245.121,25410.970806254867
2018,Cayey Municipio,21320.0,251.0995,25871.388964666727
2019,Cayey Municipio,22518.0,255.65258333333335,26838.486572435046
2020,Cayey Municipio,23104.0,258.85575,27196.17032523584
2021,Cayey Municipio,23823.0,270.96791666666667,26789.028944078556
2022,Cayey Municipio,26704.0,292.6254166666667,27806.265632542167
2023,Cayey Municipio,28461.0,304.70416666666665,28461.0
2010,Ceiba Municipio,18461.0,218.0761666666667,25794.39884153625
2011,Ceiba Municipio,19523.0,224.923,26447.893038210113
2012,Ceiba Municipio,20455.0,229.58608333333333,27147.654764933846
2013,Ceiba Municipio,19520.0,232.95174999999998,25532.434649378396
2014,Ceiba Municipio,20339.0,236.715,26180.757644565543
2015,Ceiba Municipio,20702.0,237.00175000000002,26615.776711915976
2016,Ceiba Municipio,20038.0,240.00541666666666,25439.684555730513
2017,Ceiba Municipio,18998.0,245.121,23615.968270092457
2018,Ceiba Municipio,19103.0,251.0995,23181.10428668051
2019,Ceiba Municipio,18309.0,255.65258333333335,21821.913609322022
2020,Ceiba Municipio,19092.0,258.85575,22473.566648606415
2021,Ceiba Municipio,20748.0,270.96791666666667,23331.182996756997
2022,Ceiba Municipio,22945.0,292.6254166666667,23892.104738566508
2023,Ceiba Municipio,23204.0,304.70416666666665,23204.0
2010,Ciales Municipio,13564.0,218.0761666666667,18952.12750590963
2011,Ciales Municipio,13936.0,224.923,18879.159830994016
2012,Ciales Municipio,13722.0,229.58608333333333,18211.689987016485
2013,Ciales Municipio,13802.0,232.95174999999998,18053.210196245935
2014,Ciales Municipio,12565.0,236.715,16173.913162100696
2015,Ciales Municipio,12630.0,237.00175000000002,16237.912272799671
2016,Ciales Municipio,12511.0,240.00541666666666,15883.615803809984
2017,Ciales Municipio,14432.0,245.121,17940.08074923541
2018,Ciales Municipio,15071.0,251.0995,18288.353803306392
2019,Ciales Municipio,16867.0,255.65258333333335,20103.239764511145
2020,Ciales Municipio,17783.0,258.85575,20932.717143943428
2021,Ciales Municipio,18990.0,270.96791666666667,21354.30716736145
2022,Ciales Municipio,19618.0,292.6254166666667,20427.775583403694
2023,Ciales Municipio,20614.0,304.70416666666665,20614.0
2010,Cidra Municipio,21293.0,218.0761666666667,29751.375035633573
2011,Cidra Municipio,23354.0,224.923,31637.765405642524
2012,Cidra Municipio,23804.0,229.58608333333333,31592.41134316721
2013,Cidra Municipio,24224.0,232.95174999999998,31685.33283537614
2014,Cidra Municipio,23452.0,236.715,30187.87198389061
2015,Cidra Municipio,23315.0,237.00175000000002,29975.21176883011
2016,Cidra Municipio,21846.0,240.00541666666666,27735.07080569362
2017,Cidra Municipio,20389.0,245.121,25345.087749179656
2018,Cidra Municipio,19949.0,251.0995,24207.708182745617
2019,Cidra Municipio,19726.0,255.65258333333335,23510.79075085948
2020,Cidra Municipio,20664.0,258.85575,24323.998597674574
2021,Cidra Municipio,23327.0,270.96791666666667,26231.275581518723
2022,Cidra Municipio,25580.0,292.6254166666667,26635.870089890228
2023,Cidra Municipio,27149.0,304.70416666666665,27149.0
2010,Coamo Municipio,15028.0,218.0761666666667,20997.682996078584
2011,Coamo Municipio,16347.0,224.923,22145.35202046923
2012,Coamo Municipio,16658.0,229.58608333333333,22108.31743213239
2013,Coamo Municipio,17645.0,232.95174999999998,23079.908267842304
2014,Coamo Municipio,17938.0,236.715,23090.143597434326
2015,Coamo Municipio,18233.0,237.00175000000002,23441.476996829486
2016,Coamo Municipio,18453.0,240.00541666666666,23427.412870890068
2017,Coamo Municipio,19110.0,245.121,23755.192843534416
2018,Coamo Municipio,19833.0,251.0995,24066.944527966003
2019,Coamo Municipio,19692.0,255.65258333333335,23470.267234407627
2020,Coamo Municipio,18319.0,258.85575,21563.653228358522
2021,Coamo Municipio,19267.0,270.96791666666667,21665.794428307163
2022,Coamo Municipio,20569.0,292.6254166666667,21418.03017509586
2023,Coamo Municipio,20797.0,304.70416666666665,20797.0
2010,Comerío Municipio,12927.0,218.0761666666667,18062.087309709066
2011,Comerío Municipio,12910.0,224.923,17489.233167202405
2012,Comerío Municipio,12481.0,229.58608333333333,16564.648209295494
2013,Comerío Municipio,12615.0,232.95174999999998,16500.59749497482
2014,Comerío Municipio,13680.0,236.715,17609.162917432353
2015,Comerío Municipio,13124.0,237.00175000000002,16873.029348236174
2016,Comerío Municipio,13164.0,240.00541666666666,16712.64634652343
2017,Comerío Municipio,13523.0,245.121,16810.124166568075
2018,Comerío Municipio,12812.0,251.0995,15547.102974451695
2019,Comerío Municipio,13733.0,255.65258333333335,16367.925042155188
2020,Comerío Municipio,14297.0,258.85575,16829.27835612434
2021,Comerío Municipio,14666.0,270.96791666666667,16491.95728891643
2022,Comerío Municipio,16153.0,292.6254166666667,16819.750178342332
2023,Comerío Municipio,17254.0,304.70416666666665,17254.0
2010,Corozal Municipio,14077.0,218.0761666666667,19668.91026988277
2011,Corozal Municipio,14641.0,224.923,19834.22639821924
2012,Corozal Municipio,15828.0,229.58608333333333,21006.75040916025
2013,Corozal Municipio,16219.0,232.95174999999998,21214.680203804724
2014,Corozal Municipio,17020.0,236.715,21908.476085869785
2015,Corozal Municipio,15098.0,237.00175000000002,19410.926325790137
2016,Corozal Municipio,14733.0,240.00541666666666,18704.604878709335
2017,Corozal Municipio,14752.0,245.121,18337.86524478387
2018,Corozal Municipio,15088.0,251.0995,18308.9829596103
2019,Corozal Municipio,15140.0,255.65258333333335,18044.883502383276
2020,Corozal Municipio,16933.0,258.85575,19932.165517538888
2021,Corozal Municipio,19285.0,270.96791666666667,21686.0354777549
2022,Corozal Municipio,21670.0,292.6254166666667,22564.47634276471
2023,Corozal Municipio,23933.0,304.70416666666665,23933.0
2010,Culebra Municipio,19868.0,218.0761666666667,27760.311802374854
2011,Culebra Municipio,17531.0,224.923,23749.32197166734
2012,Culebra Municipio,16375.0,229.58608333333333,21732.72289297442
2013,Culebra Municipio,16188.0,232.95174999999998,21174.131767629995
2014,Culebra Municipio,18167.0,236.715,23384.916865569707
2015,Culebra Municipio,18649.0,237.00175000000002,23976.312428776015
2016,Culebra Municipio,20956.0,240.00541666666666,26605.15168928479
2017,Culebra Municipio,23355.0,245.121,29032.052792294417
2018,Culebra Municipio,23802.0,251.0995,28883.245785037405
2019,Culebra Municipio,23333.0,255.65258333333335,27809.859099148547
2020,Culebra Municipio,25658.0,258.85575,30202.53368269136
2021,Culebra Municipio,25104.0,270.96791666666667,28229.5169631091
2022,Culebra Municipio,25483.0,292.6254166666667,26534.866204091973
2023,Culebra Municipio,27614.0,304.70416666666665,27614.0
2010,Dorado Municipio,25473.0,218.0761666666667,35591.82718652581
2011,Dorado Municipio,27701.0,224.923,37526.66521802276
2012,Dorado Municipio,28530.0,229.58608333333333,37864.70742818688
2013,Dorado Municipio,28306.0,232.95174999999998,37024.64626973898
2014,Dorado Municipio,27924.0,236.715,35944.31763935534
2015,Dorado Municipio,26947.0,237.00175000000002,34644.73650159404
2016,Dorado Municipio,28133.0,240.00541666666666,35716.870226887244
2017,Dorado Municipio,29354.0,245.121,36489.2690072794
2018,Dorado Municipio,29667.0,251.0995,36000.30470988592
2019,Dorado Municipio,30732.0,255.65258333333335,36628.49139994999
2020,Dorado Municipio,29852.0,258.85575,35139.3731193274
2021,Dorado Municipio,29744.0,270.96791666666667,33447.2097096366
2022,Dorado Municipio,31485.0,292.6254166666667,32784.611797505626
2023,Dorado Municipio,33388.0,304.70416666666665,33388.0
2010,Fajardo Municipio,19803.0,218.0761666666667,27669.491374191126
2011,Fajardo Municipio,20176.0,224.923,27332.51497920029
2012,Fajardo Municipio,21194.0,229.58608333333333,28128.44757213434
2013,Fajardo Municipio,21544.0,232.95174999999998,28179.85512736722
2014,Fajardo Municipio,20531.0,236.715,26427.903790775123
2015,Fajardo Municipio,19320.0,237.00175000000002,24838.991695209
2016,Fajardo Municipio,19482.0,240.00541666666666,24733.80250098522
2017,Fajardo Municipio,18941.0,245.121,23545.112906822887
2018,Fajardo Municipio,19068.0,251.0995,23138.632494290112
2019,Fajardo Municipio,19430.0,255.65258333333335,23157.997784102183
2020,Fajardo Municipio,19957.0,258.85575,23491.775068418094
2021,Fajardo Municipio,21701.0,270.96791666666667,24402.834114739904
2022,Fajardo Municipio,24309.0,292.6254166666667,25312.40680278114
2023,Fajardo Municipio,25170.0,304.70416666666665,25170.0
2010,Florida Municipio,16246.0,218.0761666666667,22699.518096506035
2011,Florida Municipio,15693.0,224.923,21259.375375128377
2012,Florida Municipio,16150.0,229.58608333333333,21434.10532650607
2013,Florida Municipio,16750.0,232.95174999999998,21909.235675055745
2014,Florida Municipio,15992.0,236.715,20585.214428039344
2015,Florida Municipio,14994.0,237.00175000000002,19277.217467803504
2016,Florida Municipio,16793.0,240.00541666666666,21319.92328298146
2017,Florida Municipio,16919.0,245.121,21031.612125576074
2018,Florida Municipio,20315.0,251.0995,24651.841783170945
2019,Florida Municipio,20442.0,255.65258333333335,24364.168332610232
2020,Florida Municipio,20221.0,258.85575,23802.534632383737
2021,Florida Municipio,21487.0,270.96791666666667,24162.190526861268
2022,Florida Municipio,21560.0,292.6254166666667,22449.935853715142
2023,Florida Municipio,21213.0,304.70416666666665,21213.0
2010,Guayama Municipio,17214.0,218.0761666666667,24052.04385776529
2011,Guayama Municipio,18593.0,224.923,25188.017992083216
2012,Guayama Municipio,17496.0,229.58608333333333,23220.50196857896
2013,Guayama Municipio,17260.0,232.95174999999998,22576.32285083356
2014,Guayama Municipio,16765.0,236.715,21580.23511043519
2015,Guayama Municipio,15860.0,237.00175000000002,20390.600842961423
2016,Guayama Municipio,15078.0,240.00541666666666,19142.60723282287
2017,Guayama Municipio,15296.0,245.121,19014.098887216245
2018,Guayama Municipio,16374.0,251.0995,19869.517960011868
2019,Guayama Municipio,17261.0,255.65258333333335,20572.835808100248
2020,Guayama Municipio,17319.0,258.85575,20386.533667882595
2021,Guayama Municipio,17815.0,270.96791666666667,20033.01643952313
2022,Guayama Municipio,19165.0,292.6254166666667,19956.077023954113
2023,Guayama Municipio,20273.0,304.70416666666665,20273.0
2010,Guayanilla Municipio,14243.0,218.0761666666667,19900.85167109045
2011,Guayanilla Municipio,15049.0,224.923,20386.94577329427
2012,Guayanilla Municipio,14679.0,229.58608333333333,19481.810036395207
2013,Guayanilla Municipio,15063.0,232.95174999999998,19702.61593870834
2014,Guayanilla Municipio,15483.0,236.715,19930.019696681662
2015,Guayanilla Municipio,15067.0,237.00175000000002,19371.07080081335
2016,Guayanilla Municipio,14848.0,240.00541666666666,18850.605663413848
2017,Guayanilla Municipio,14988.0,245.121,18631.231310250856
2018,Guayanilla Municipio,16922.0,251.0995,20534.504880867276
2019,Guayanilla Municipio,17379.0,255.65258333333335,20713.47624755079
2020,Guayanilla Municipio,17796.0,258.85575,20948.019698229615
2021,Guayanilla Municipio,19023.0,270.96791666666667,21391.41575801563
2022,Guayanilla Municipio,21312.0,292.6254166666667,22191.699114767027
2023,Guayanilla Municipio,21400.0,304.70416666666665,21400.0
2010,Guaynabo Municipio,33279.0,218.0761666666667,46498.66199271355
2011,Guaynabo Municipio,34661.0,224.923,46955.407498714376
2012,Guaynabo Municipio,34638.0,229.58608333333333,45971.178965914376
2013,Guaynabo Municipio,35074.0,232.95174999999998,45877.28549653165
2014,Guaynabo Municipio,34450.0,236.715,44344.71217145794
2015,Guaynabo Municipio,34719.0,237.00175000000002,44636.902311902755
2016,Guaynabo Municipio,33979.0,240.00541666666666,43138.78837804008
2017,Guaynabo Municipio,34060.0,245.121,42339.18724493889
2018,Guaynabo Municipio,33937.0,251.0995,41181.86338151476
2019,Guaynabo Municipio,35928.0,255.65258333333335,42821.438208297644
2020,Guaynabo Municipio,36073.0,258.85575,42462.233905048146
2021,Guaynabo Municipio,39176.0,270.96791666666667,44053.51962025024
2022,Guaynabo Municipio,43304.0,292.6254166666667,45091.46670729501
2023,Guaynabo Municipio,46048.0,304.70416666666665,46048.0
2010,Gurabo Municipio,27416.0,218.0761666666667,38306.65937054102
2011,Gurabo Municipio,27834.0,224.923,37706.84089666241
2012,Gurabo Municipio,27817.0,229.58608333333333,36918.42153977828
2013,Gurabo Municipio,27459.0,232.95174999999998,35916.75835231974
2014,Gurabo Municipio,27909.0,236.715,35925.00934668272
2015,Gurabo Municipio,29317.0,237.00175000000002,37691.755669174025
2016,Gurabo Municipio,31070.0,240.00541666666666,39445.603311036386
2017,Gurabo Municipio,32625.0,245.121,40555.37239771378
2018,Gurabo Municipio,33661.0,251.0995,40846.94296152189
2019,Gurabo Municipio,35018.0,255.65258333333335,41736.83820914515
2020,Gurabo Municipio,35367.0,258.85575,41631.18749535214
2021,Gurabo Municipio,35470.0,270.96791666666667,39886.11243951083
2022,Gurabo Municipio,39533.0,292.6254166666667,41164.81048724122
2023,Gurabo Municipio,39532.0,304.70416666666665,39532.0
2010,Guánica Municipio,11870.0,218.0761666666667,16585.207423705935
2011,Guánica Municipio,12608.0,224.923,17080.112453298832
2012,Guánica Municipio,13567.0,229.58608333333333,18005.9756634494
2013,Guánica Municipio,13031.0,232.95174999999998,17044.731348158293
2014,Guánica Municipio,13635.0,236.715,17551.238039414486
2015,Guánica Municipio,13682.0,237.00175000000002,17590.4287978183
2016,Guánica Municipio,13242.0,240.00541666666666,16811.672965714315
2017,Guánica Municipio,12653.0,245.121,15728.647569295708
2018,Guánica Municipio,13242.0,251.0995,16068.899280962327
2019,Guánica Municipio,12995.0,255.65258333333335,15488.326361523823
2020,Guánica Municipio,12283.0,258.85575,14458.559561325823
2021,Guánica Municipio,12856.0,270.96791666666667,14456.607316671869
2022,Guánica Municipio,14525.0,292.6254166666667,15124.55094040874
2023,Guánica Municipio,16210.0,304.70416666666665,16210.0
2010,Hatillo Municipio,16246.0,218.0761666666667,22699.518096506035
2011,Hatillo Municipio,17847.0,224.923,24177.40854648035
2012,Hatillo Municipio,18669.0,229.58608333333333,24777.29488176729
2013,Hatillo Municipio,19199.0,232.95174999999998,25112.562132859417
2014,Hatillo Municipio,19130.0,236.715,24624.509255152116
2015,Hatillo Municipio,18687.0,237.00175000000002,24025.167588424978
2016,Hatillo Municipio,18480.0,240.00541666666666,23461.691315994605
2017,Hatillo Municipio,17770.0,245.121,22089.47026842525
2018,Hatillo Municipio,17201.0,251.0995,20873.065740207898
2019,Hatillo Municipio,17715.0,255.65258333333335,21113.94393954556
2020,Hatillo Municipio,18998.0,258.85575,22362.91740992168
2021,Hatillo Municipio,20955.0,270.96791666666667,23563.95506540596
2022,Hatillo Municipio,24407.0,292.6254166666667,25414.45196575257
2023,Hatillo Municipio,28001.0,304.70416666666665,28001.0
2010,Hormigueros Municipio,19834.0,218.0761666666667,27712.80573224798
2011,Hormigueros Municipio,19548.0,224.923,26481.760646976967
2012,Hormigueros Municipio,20428.0,229.58608333333333,27111.820656957643
2013,Hormigueros Municipio,21107.0,232.95174999999998,27608.25297871054
2014,Hormigueros Municipio,21323.0,236.715,27447.381643889625
2015,Hormigueros Municipio,20598.0,237.00175000000002,26482.067853929344
2016,Hormigueros Municipio,20589.0,240.00541666666666,26139.218750271262
2017,Hormigueros Municipio,19674.0,245.121,24456.28801693857
2018,Hormigueros Municipio,19394.0,251.0995,23534.226903412127
2019,Hormigueros Municipio,19030.0,255.65258333333335,22681.25053172746
2020,Hormigueros Municipio,19848.0,258.85575,23363.469036326216
2021,Hormigueros Municipio,20811.0,270.96791666666667,23402.02666982407
2022,Hormigueros Municipio,22542.0,292.6254166666667,23472.470037775824
2023,Hormigueros Municipio,24862.0,304.70416666666665,24862.0
2010,Humacao Municipio,18354.0,218.0761666666667,25644.89444437226
2011,Humacao Municipio,19404.0,224.923,26286.6832204799
2012,Humacao Municipio,19918.0,229.58608333333333,26434.954172962716
2013,Humacao Municipio,20156.0,232.95174999999998,26364.33159799544
2014,Humacao Municipio,20251.0,236.715,26067.48232755282
2015,Humacao Municipio,19342.0,237.00175000000002,24867.276261321556
2016,Humacao Municipio,19349.0,240.00541666666666,24564.94941954435
2017,Humacao Municipio,18735.0,245.121,23289.03913781357
2018,Humacao Municipio,19880.0,251.0995,24123.9780777474
2019,Humacao Municipio,20434.0,255.65258333333335,24354.63338756274
2020,Humacao Municipio,21802.0,258.85575,25663.560657496182
2021,Humacao Municipio,22431.0,270.96791666666667,25223.72112012031
2022,Humacao Municipio,25940.0,292.6254166666667,27010.729872234268
2023,Humacao Municipio,26083.0,304.70416666666665,26083.0
2010,Isabela Municipio,13028.0,218.0761666666667,18203.20828273302
2011,Isabela Municipio,13406.0,224.923,18161.166525136752
2012,Isabela Municipio,14570.0,229.58608333333333,19337.146415306095
2013,Isabela Municipio,15495.0,232.95174999999998,20267.678017014256
2014,Isabela Municipio,15740.0,236.715,20260.835111139273
2015,Isabela Municipio,15707.0,237.00175000000002,20193.89454226955
2016,Isabela Municipio,15947.0,240.00541666666666,20245.865336372615
2017,Isabela Municipio,16333.0,245.121,20303.169268102964
2018,Isabela Municipio,16748.0,251.0995,20323.35939869786
2019,Isabela Municipio,16540.0,255.65258333333335,19713.498885694808
2020,Isabela Municipio,16996.0,258.85575,20006.32404984887
2021,Isabela Municipio,17123.0,270.96791666666667,19254.86053853239
2022,Isabela Municipio,19965.0,292.6254166666667,20789.09876249642
2023,Isabela Municipio,20484.0,304.70416666666665,20484.0
2010,Jayuya Municipio,15556.0,218.0761666666667,21735.424320401813
2011,Jayuya Municipio,17022.0,224.923,23059.777457174234
2012,Jayuya Municipio,17137.0,229.58608333333333,22744.0410514139
2013,Jayuya Municipio,19489.0,232.95174999999998,25491.886213203667
2014,Jayuya Municipio,16111.0,236.715,20738.39354990882
2015,Jayuya Municipio,16033.0,237.00175000000002,20613.020385573804
2016,Jayuya Municipio,15893.0,240.00541666666666,20177.30844616354
2017,Jayuya Municipio,15615.0,245.121,19410.64030621611
2018,Jayuya Municipio,15424.0,251.0995,18716.712166558144
2019,Jayuya Municipio,14808.0,255.65258333333335,17649.183282912258
2020,Jayuya Municipio,16003.0,258.85575,18837.444326296274
2021,Jayuya Municipio,16780.0,270.96791666666667,18869.15609627831
2022,Jayuya Municipio,18363.0,292.6254166666667,19120.972731065453
2023,Jayuya Municipio,18413.0,304.70416666666665,18413.0
2010,Juana Díaz Municipio,16496.0,218.0761666666667,23048.82743567423
2011,Juana Díaz Municipio,16332.0,224.923,22125.031455209115
2012,Juana Díaz Municipio,16938.0,229.58608333333333,22479.930403737446
2013,Juana Díaz Municipio,17139.0,232.95174999999998,22418.053148345098
2014,Juana Díaz Municipio,18758.0,236.715,24145.663596871058
2015,Juana Díaz Municipio,18609.0,237.00175000000002,23924.885944935002
2016,Juana Díaz Municipio,20231.0,240.00541666666666,25684.71195962591
2017,Juana Díaz Municipio,20228.0,245.121,25144.952424856838
2018,Juana Díaz Municipio,20845.0,251.0995,25294.986067939866
2019,Juana Díaz Municipio,20657.0,255.65258333333335,24620.419980761646
2020,Juana Díaz Municipio,20889.0,258.85575,24588.85049878166
2021,Juana Díaz Municipio,21420.0,270.96791666666667,24086.848842805804
2022,Juana Díaz Municipio,23035.0,292.6254166666667,23985.819684152517
2023,Juana Díaz Municipio,23823.0,304.70416666666665,23823.0
2010,Juncos Municipio,17694.0,218.0761666666667,24722.717788968224
2011,Juncos Municipio,18579.0,224.923,25169.05213117378
2012,Juncos Municipio,18946.0,229.58608333333333,25144.92628581944
2013,Juncos Municipio,18497.0,232.95174999999998,24194.336255612303
2014,Juncos Municipio,19288.0,236.715,24827.889937970413
2015,Juncos Municipio,19141.0,237.00175000000002,24608.858180020467
2016,Juncos Municipio,19084.0,240.00541666666666,24228.51282870352
2017,Juncos Municipio,18533.0,245.121,23037.937674998604
2018,Juncos Municipio,18969.0,251.0995,23018.497995814407
2019,Juncos Municipio,19605.0,255.65258333333335,23366.574707016123
2020,Juncos Municipio,20350.0,258.85575,23954.38305568513
2021,Juncos Municipio,22283.0,270.96791666666667,25057.294713550036
2022,Juncos Municipio,25931.0,292.6254166666667,27001.358377675664
2023,Juncos Municipio,28196.0,304.70416666666665,28196.0
2010,Lajas Municipio,14500.0,218.0761666666667,20259.941671755354
2011,Lajas Municipio,14705.0,224.923,19920.927476662386
2012,Lajas Municipio,13698.0,229.58608333333333,18179.837446593196
2013,Lajas Municipio,13975.0,232.95174999999998,18279.49663038233
2014,Lajas Municipio,13422.0,236.715,17277.060283463234
2015,Lajas Municipio,13215.0,237.00175000000002,16990.024598974476
2016,Lajas Municipio,12785.0,240.00541666666666,16231.478543018995
2017,Lajas Municipio,13896.0,245.121,17273.791719191744
2018,Lajas Municipio,13747.0,251.0995,16681.706571166676
2019,Lajas Municipio,13992.0,255.65258333333335,16676.61888806782
2020,Lajas Municipio,14439.0,258.85575,16996.429333711923
2021,Lajas Municipio,15593.0,270.96791666666667,17534.371335474832
2022,Lajas Municipio,17131.0,292.6254166666667,17838.1192537103
2023,Lajas Municipio,18920.0,304.70416666666665,18920.0
2010,Lares Municipio,12199.0,218.0761666666667,17044.89851405128
2011,Lares Municipio,12529.0,224.923,16973.090809595582
2012,Lares Municipio,12094.0,229.58608333333333,16051.02599496993
2013,Lares Municipio,11851.0,232.95174999999998,15501.274745378247
2014,Lares Municipio,11929.0,236.715,15355.241552781474
2015,Lares Municipio,11905.0,237.00175000000002,15305.807253181321
2016,Lares Municipio,12410.0,240.00541666666666,15755.389027678195
2017,Lares Municipio,12820.0,245.121,15936.24135291006
2018,Lares Municipio,14540.0,251.0995,17643.99603875489
2019,Lares Municipio,16532.0,255.65258333333335,19703.963940647314
2020,Lares Municipio,16841.0,258.85575,19823.8705179751
2021,Lares Municipio,17629.0,270.96791666666667,19823.85892856319
2022,Lares Municipio,18844.0,292.6254166666667,19621.827051364013
2023,Lares Municipio,19323.0,304.70416666666665,19323.0
2010,Las Marías Municipio,13847.0,218.0761666666667,19347.54567784803
2011,Las Marías Municipio,15447.0,224.923,20926.118104862555
2012,Las Marías Municipio,14460.0,229.58608333333333,19191.155605032676
2013,Las Marías Municipio,15779.0,232.95174999999998,20639.154012937586
2014,Las Marías Municipio,14928.0,236.715,19215.612867794604
2015,Las Marías Municipio,13944.0,237.00175000000002,17927.27226697693
2016,Las Marías Municipio,13132.0,240.00541666666666,16672.020041214346
2017,Las Marías Municipio,14404.0,245.121,17905.27460587492
2018,Las Marías Municipio,13435.0,251.0995,16303.10087900082
2019,Las Marías Municipio,14135.0,255.65258333333335,16847.056030791784
2020,Las Marías Municipio,14765.0,258.85575,17380.170310427075
2021,Las Marías Municipio,15353.0,270.96791666666667,17264.49067617169
2022,Las Marías Municipio,16506.0,292.6254166666667,17187.321020474126
2023,Las Marías Municipio,16170.0,304.70416666666665,16170.0
2010,Las Piedras Municipio,17680.0,218.0761666666667,24703.156465974807
2011,Las Piedras Municipio,18327.0,224.923,24827.66663480391
2012,Las Piedras Municipio,19345.0,229.58608333333333,25674.47477035665
2013,Las Piedras Municipio,18632.0,232.95174999999998,24370.9181550829
2014,Las Piedras Municipio,19929.0,236.715,25652.99764484718
2015,Las Piedras Municipio,18838.0,237.00175000000002,24219.302564924797
2016,Las Piedras Municipio,20119.0,240.00541666666666,25542.519891044125
2017,Las Piedras Municipio,20587.0,245.121,25591.216905800262
2018,Las Piedras Municipio,21792.0,251.0995,26444.15142204584
2019,Las Piedras Municipio,21667.0,255.65258333333335,25824.206793007823
2020,Las Piedras Municipio,22848.0,258.85575,26894.827717754
2021,Las Piedras Municipio,24466.0,270.96791666666667,27512.08421046157
2022,Las Piedras Municipio,23193.0,292.6254166666667,24150.341477514623
2023,Las Piedras Municipio,25697.0,304.70416666666665,25697.0
2010,Loíza Municipio,19460.0,218.0761666666667,27190.23896085236
2011,Loíza Municipio,18897.0,224.923,25599.84811468814
2012,Loíza Municipio,19100.0,229.58608333333333,25349.313420202223
2013,Loíza Municipio,19085.0,232.95174999999998,24963.448528862024
2014,Loíza Municipio,18456.0,236.715,23756.92330439558
2015,Loíza Municipio,18718.0,237.00175000000002,24065.02311340176
2016,Loíza Municipio,18154.0,240.00541666666666,23047.810830658334
2017,Loíza Municipio,17273.0,245.121,21471.661223776555
2018,Loíza Municipio,17402.0,251.0995,21116.975176507054
2019,Loíza Municipio,17852.0,255.65258333333335,21277.2298734839
2020,Loíza Municipio,17363.0,258.85575,20438.326928543538
2021,Loíza Municipio,19541.0,270.96791666666667,21973.90818101159
2022,Loíza Municipio,21306.0,292.6254166666667,22185.45145172796
2023,Loíza Municipio,22500.0,304.70416666666665,22500.0
2010,Luquillo Municipio,19672.0,218.0761666666667,27486.45328046699
2011,Luquillo Municipio,19333.0,224.923,26190.49921158204
2012,Luquillo Municipio,20084.0,229.58608333333333,26655.267577557144
2013,Luquillo Municipio,18593.0,232.95174999999998,24319.905606346954
2014,Luquillo Municipio,18256.0,236.715,23499.479402093937
2015,Luquillo Municipio,18170.0,237.00175000000002,23360.48028477989
2016,Luquillo Municipio,19658.0,240.00541666666666,24957.247180185168
2017,Luquillo Municipio,19377.0,245.121,24087.09428200766
2018,Luquillo Municipio,20829.0,251.0995,25275.57039141854
2019,Luquillo Municipio,21850.0,255.65258333333335,26042.31866096926
2020,Luquillo Municipio,21805.0,258.85575,25667.09201617761
2021,Luquillo Municipio,22216.0,270.96791666666667,24981.953029494573
2022,Luquillo Municipio,22585.0,292.6254166666667,23517.244956222472
2023,Luquillo Municipio,23769.0,304.70416666666665,23769.0
2010,Manatí Municipio,16564.0,218.0761666666667,23143.83957592798
2011,Manatí Municipio,16982.0,224.923,23005.58928314727
2012,Manatí Municipio,17513.0,229.58608333333333,23243.064184712122
2013,Manatí Municipio,18046.0,232.95174999999998,23604.42190997349
2014,Manatí Municipio,18796.0,236.715,24194.57793830837
2015,Manatí Municipio,18162.0,237.00175000000002,23350.194988011688
2016,Manatí Municipio,18534.0,240.00541666666666,23530.24820620368
2017,Manatí Municipio,18191.0,245.121,22612.80549538119
2018,Manatí Municipio,19459.0,251.0995,23613.10308928001
2019,Manatí Municipio,18502.0,255.65258333333335,22051.944158592825
2020,Manatí Municipio,18885.0,258.85575,22229.902899587898
2021,Manatí Municipio,19427.0,270.96791666666667,21845.714867842595
2022,Manatí Municipio,20385.0,292.6254166666667,21226.43517523113
2023,Manatí Municipio,20352.0,304.70416666666665,20352.0
2010,Maricao Municipio,10932.0,218.0761666666667,15274.598783146865
2011,Maricao Municipio,11391.0,224.923,15431.437258528475
2012,Maricao Municipio,12288.0,229.58608333333333,16308.500696724865
2013,Maricao Municipio,15104.0,232.95174999999998,19756.244515584596
2014,Maricao Municipio,14149.0,236.715,18212.868868329704
2015,Maricao Municipio,12606.0,237.00175000000002,16207.056382495064
2016,Maricao Municipio,11909.0,240.00541666666666,15119.333435182887
2017,Maricao Municipio,13462.0,245.121,16734.29649710415
2018,Maricao Municipio,13262.0,251.0995,16093.168876613985
2019,Maricao Municipio,12441.0,255.65258333333335,14828.031416984832
2020,Maricao Municipio,15387.0,258.85575,18112.338677043103
2021,Maricao Municipio,19223.0,270.96791666666667,21616.31630743492
2022,Maricao Municipio,20133.0,292.6254166666667,20964.033327590303
2023,Maricao Municipio,20541.0,304.70416666666665,20541.0
2010,Maunabo Municipio,15225.0,218.0761666666667,21272.938755343122
2011,Maunabo Municipio,15190.0,224.923,20577.959086739313
2012,Maunabo Municipio,16043.0,229.58608333333333,21292.096083785564
2013,Maunabo Municipio,18446.0,232.95174999999998,24127.62753803452
2014,Maunabo Municipio,17866.0,236.715,22997.463792605733
2015,Maunabo Municipio,19541.0,237.00175000000002,25123.123018430593
2016,Maunabo Municipio,18815.0,240.00541666666666,23886.997949699053
2017,Maunabo Municipio,17636.0,245.121,21922.898010914338
2018,Maunabo Municipio,19788.0,251.0995,24012.337937749777
2019,Maunabo Municipio,20844.0,255.65258333333335,24843.299321246832
2020,Maunabo Municipio,20561.0,258.85575,24202.755282945553
2021,Maunabo Municipio,21678.0,270.96791666666667,24376.97055155669
2022,Maunabo Municipio,21951.0,292.6254166666667,22857.075228427693
2023,Maunabo Municipio,19363.0,304.70416666666665,19363.0
2010,Mayagüez Municipio,14059.0,218.0761666666667,19643.759997462657
2011,Mayagüez Municipio,13986.0,224.923,18946.89504852772
2012,Mayagüez Municipio,15060.0,229.58608333333333,19987.469115614946
2013,Mayagüez Municipio,15112.0,232.95174999999998,19766.708628145814
2014,Mayagüez Municipio,15402.0,236.715,19825.754916249498
2015,Mayagüez Municipio,14871.0,237.00175000000002,19119.08102999239
2016,Mayagüez Municipio,15017.0,240.00541666666666,19065.163338327435
2017,Mayagüez Municipio,14642.0,245.121,18201.126824439085
2018,Mayagüez Municipio,14120.0,251.0995,17134.334530070086
2019,Mayagüez Municipio,14236.0,255.65258333333335,16967.434712016402
2020,Mayagüez Municipio,14761.0,258.85575,17375.46183218517
2021,Mayagüez Municipio,15501.0,270.96791666666667,17430.91708274196
2022,Mayagüez Municipio,16788.0,292.6254166666667,17480.961183310286
2023,Mayagüez Municipio,17963.0,304.70416666666665,17963.0
2010,Moca Municipio,12841.0,218.0761666666667,17941.92489703521
2011,Moca Municipio,13479.0,224.923,18260.05994273596
2012,Moca Municipio,14384.0,229.58608333333333,19090.28922702559
2013,Moca Municipio,14717.0,232.95174999999998,19250.043070435546
2014,Moca Municipio,15301.0,236.715,19695.745745587166
2015,Moca Municipio,14427.0,237.00175000000002,18548.247059357152
2016,Moca Municipio,14157.0,240.00541666666666,17973.331383145865
2017,Moca Municipio,13413.0,245.121,16673.38574622329
2018,Moca Municipio,14155.0,251.0995,17176.806322460485
2019,Moca Municipio,15037.0,255.65258333333335,17922.121084896786
2020,Moca Municipio,16033.0,258.85575,18872.757913110552
2021,Moca Municipio,17685.0,270.96791666666667,19886.831082400593
2022,Moca Municipio,20331.0,292.6254166666667,21170.206207879524
2023,Moca Municipio,21415.0,304.70416666666665,21415.0
2010,Morovis Municipio,13646.0,218.0761666666667,19066.7009691568
2011,Morovis Municipio,13871.0,224.923,18791.1040482002
2012,Morovis Municipio,14596.0,229.58608333333333,19371.65333409799
2013,Morovis Municipio,14797.0,232.95174999999998,19354.68419604775
2014,Morovis Municipio,16086.0,236.715,20706.213062121114
2015,Morovis Municipio,16536.0,237.00175000000002,21259.708419874532
2016,Morovis Municipio,17649.0,240.00541666666666,22406.676949999393
2017,Morovis Municipio,18739.0,245.121,23294.011444007923
2018,Morovis Municipio,20589.0,251.0995,24984.335243598653
2019,Morovis Municipio,20941.0,255.65258333333335,24958.9105299477
2020,Morovis Municipio,21191.0,258.85575,24944.34060604539
2021,Morovis Municipio,21598.0,270.96791666666667,24287.010331788973
2022,Morovis Municipio,22282.0,292.6254166666667,23201.73797274957
2023,Morovis Municipio,23010.0,304.70416666666665,23010.0
2010,Naguabo Municipio,15250.0,218.0761666666667,21307.869689259944
2011,Naguabo Municipio,16048.0,224.923,21740.295419617676
2012,Naguabo Municipio,16706.0,229.58608333333333,22172.02251297897
2013,Naguabo Municipio,17132.0,232.95174999999998,22408.89704985403
2014,Naguabo Municipio,18295.0,236.715,23549.680963042756
2015,Naguabo Municipio,18704.0,237.00175000000002,24047.023844057407
2016,Naguabo Municipio,18973.0,240.00541666666666,24087.590332162643
2017,Naguabo Municipio,18976.0,245.121,23588.6205860235
2018,Naguabo Municipio,19356.0,251.0995,23488.114671673975
2019,Naguabo Municipio,19432.0,255.65258333333335,23160.38152036406
2020,Naguabo Municipio,19224.0,258.85575,22628.94643058924
2021,Naguabo Municipio,18412.0,270.96791666666667,20704.344579539706
2022,Naguabo Municipio,20486.0,292.6254166666667,21331.604169722097
2023,Naguabo Municipio,21416.0,304.70416666666665,21416.0
2010,Naranjito Municipio,14275.0,218.0761666666667,19945.56326650398
2011,Naranjito Municipio,14691.0,224.923,19901.961615752945
2012,Naranjito Municipio,16007.0,229.58608333333333,21244.317273150627
2013,Naranjito Municipio,16685.0,232.95174999999998,21824.214760495826
2014,Naranjito Municipio,17478.0,236.715,22498.022622140546
2015,Naranjito Municipio,17423.0,237.00175000000002,22400.090699048986
2016,Naranjito Municipio,18828.0,240.00541666666666,23903.502386230866
2017,Naranjito Municipio,18069.0,245.121,22461.150156453343
2018,Naranjito Municipio,19332.0,251.0995,23458.99115689199
2019,Naranjito Municipio,18883.0,255.65258333333335,22506.04591647975
2020,Naranjito Municipio,18778.0,258.85575,22103.951106616976
2021,Naranjito Municipio,19156.0,270.96791666666667,21540.974623379458
2022,Naranjito Municipio,20616.0,292.6254166666667,21466.97020223522
2023,Naranjito Municipio,21399.0,304.70416666666665,21399.0
2010,Orocovis Municipio,13713.0,218.0761666666667,19160.315872053874
2011,Orocovis Municipio,13921.0,224.923,18858.839265733903
2012,Orocovis Municipio,14296.0,229.58608333333333,18973.49657880686
2013,Orocovis Municipio,14743.0,232.95174999999998,19284.051436259513
2014,Orocovis Municipio,14549.0,236.715,18727.756672932992
2015,Orocovis Municipio,14110.0,237.00175000000002,18140.69217491713
2016,Orocovis Municipio,14662.0,240.00541666666666,18614.46526380481
2017,Orocovis Municipio,14296.0,245.121,17771.022338627317
2018,Orocovis Municipio,13319.0,251.0995,16162.337224221208
2019,Orocovis Municipio,15099.0,255.65258333333335,17996.016909014867
2020,Orocovis Municipio,15805.0,258.85575,18604.37465332204
2021,Orocovis Municipio,15637.0,270.96791666666667,17583.849456347078
2022,Orocovis Municipio,16869.0,292.6254166666667,17565.304634337695
2023,Orocovis Municipio,19062.0,304.70416666666665,19062.0
2010,Patillas Municipio,14860.0,218.0761666666667,20762.947120157558
2011,Patillas Municipio,14506.0,224.923,19651.34131087824
2012,Patillas Municipio,14777.0,229.58608333333333,19611.874576456976
2013,Patillas Municipio,14506.0,232.95174999999998,18974.05210163335
2014,Patillas Municipio,14343.0,236.715,18462.589453562297
2015,Patillas Municipio,13284.0,237.00175000000002,17078.735283600225
2016,Patillas Municipio,13975.0,240.00541666666666,17742.269271700465
2017,Patillas Municipio,14512.0,245.121,18039.526873122526
2018,Patillas Municipio,15761.0,251.0995,19125.654853288568
2019,Patillas Municipio,16007.0,255.65258333333335,19078.23317190549
2020,Patillas Municipio,17138.0,258.85575,20173.475027436452
2021,Patillas Municipio,17783.0,270.96791666666667,19997.032351616042
2022,Patillas Municipio,20778.0,292.6254166666667,21635.657104290036
2023,Patillas Municipio,23422.0,304.70416666666665,23422.0
2010,Peñuelas Municipio,14872.0,218.0761666666667,20779.71396843763
2011,Peñuelas Municipio,14504.0,224.923,19648.631902176894
2012,Peñuelas Municipio,15541.0,229.58608333333333,20625.847113265067
2013,Peñuelas Municipio,14938.0,232.95174999999998,19539.114179939264
2014,Peñuelas Municipio,15506.0,236.715,19959.625745446352
2015,Peñuelas Municipio,15497.0,237.00175000000002,19923.905502104237
2016,Peñuelas Municipio,16764.0,240.00541666666666,21283.105693795107
2017,Peñuelas Municipio,16868.0,245.121,20968.21522159804
2018,Peñuelas Municipio,17592.0,251.0995,21347.536335197798
2019,Peñuelas Municipio,16718.0,255.65258333333335,19925.65141300156
2020,Peñuelas Municipio,17313.0,258.85575,20379.47095051974
2021,Peñuelas Municipio,18123.0,270.96791666666667,20379.363285628835
2022,Peñuelas Municipio,20072.0,292.6254166666667,20900.51542002645
2023,Peñuelas Municipio,20959.0,304.70416666666665,20959.0
2010,Ponce Municipio,16902.0,218.0761666666667,23616.10580248338
2011,Ponce Municipio,17273.0,224.923,23399.80824919343
2012,Ponce Municipio,17459.0,229.58608333333333,23171.395968759716
2013,Ponce Municipio,17211.0,232.95174999999998,22512.230161396084
2014,Ponce Municipio,16807.0,236.715,21634.298329918536
2015,Ponce Municipio,16318.0,237.00175000000002,20979.434082941018
2016,Ponce Municipio,16561.0,240.00541666666666,21025.38256949062
2017,Ponce Municipio,16561.0,245.121,20586.590721181237
2018,Ponce Municipio,17173.0,251.0995,20839.088306295576
2019,Ponce Municipio,17069.0,255.65258333333335,20343.99712696038
2020,Ponce Municipio,17263.0,258.85575,20320.614972495943
2021,Ponce Municipio,17747.0,270.96791666666667,19956.55025272057
2022,Ponce Municipio,18994.0,292.6254166666667,19778.018627340694
2023,Ponce Municipio,18827.0,304.70416666666665,18827.0
2010,Quebradillas Municipio,11943.0,218.0761666666667,16687.20575074305
2011,Quebradillas Municipio,13581.0,224.923,18398.239786504717
2012,Quebradillas Municipio,14255.0,229.58608333333333,18919.081822250402
2013,Quebradillas Municipio,15221.0,232.95174999999998,19909.282161792446
2014,Quebradillas Municipio,15277.0,236.715,19664.85247731097
2015,Quebradillas Municipio,15806.0,237.00175000000002,20321.175089776058
2016,Quebradillas Municipio,15641.0,240.00541666666666,19857.376291854525
2017,Quebradillas Municipio,16082.0,245.121,19991.157054407144
2018,Quebradillas Municipio,16630.0,251.0995,20180.16878435308
2019,Quebradillas Municipio,17473.0,255.65258333333335,20825.51185185885
2020,Quebradillas Municipio,17425.0,258.85575,20511.308341293043
2021,Quebradillas Municipio,18947.0,270.96791666666667,21305.953549236303
2022,Quebradillas Municipio,20209.0,292.6254166666667,21043.17039275182
2023,Quebradillas Municipio,23624.0,304.70416666666665,23624.0
2010,Rincón Municipio,16067.0,218.0761666666667,22449.412609661606
2011,Rincón Municipio,16773.0,224.923,22722.45607385639
2012,Rincón Municipio,16548.0,229.58608333333333,21962.326621858974
2013,Rincón Municipio,15842.0,232.95174999999998,20721.558899357202
2014,Rincón Municipio,16704.0,236.715,21501.71472023319
2015,Rincón Municipio,16755.0,237.00175000000002,21541.268418904077
2016,Rincón Municipio,17784.0,240.00541666666666,22578.06917552208
2017,Rincón Municipio,18292.0,245.121,22738.356226788674
2018,Rincón Municipio,21591.0,251.0995,26200.241985746685
2019,Rincón Municipio,19907.0,255.65258333333335,23726.51888255904
2020,Rincón Municipio,20145.0,258.85575,23713.073545787567
2021,Rincón Municipio,24744.0,270.96791666666667,27824.69597415438
2022,Rincón Municipio,26771.0,292.6254166666667,27876.031203145085
2023,Rincón Municipio,25223.0,304.70416666666665,25223.0
2010,Río Grande Municipio,20850.0,218.0761666666667,29132.39888662753
2011,Río Grande Municipio,21329.0,224.923,28894.489095527508
2012,Río Grande Municipio,22491.0,229.58608333333333,29849.811944176345
2013,Río Grande Municipio,22947.0,232.95174999999998,30014.998867791295
2014,Río Grande Municipio,22372.0,236.715,28797.67491146174
2015,Río Grande Municipio,22246.0,237.00175000000002,28600.838988179057
2016,Río Grande Municipio,22990.0,240.00541666666666,29187.46122049329
2017,Río Grande Municipio,22584.0,245.121,28073.640773332354
2018,Río Grande Municipio,22509.0,251.0995,27314.216426157756
2019,Río Grande Municipio,22669.0,255.65258333333335,27018.458660206506
2020,Río Grande Municipio,23738.0,258.85575,27942.464126577575
2021,Río Grande Municipio,23679.0,270.96791666666667,26627.10054849667
2022,Río Grande Municipio,25963.0,292.6254166666667,27034.67924721736
2023,Río Grande Municipio,26745.0,304.70416666666665,26745.0
2010,Sabana Grande Municipio,15497.0,218.0761666666667,21652.98731635812
2011,Sabana Grande Municipio,15530.0,224.923,21038.558565968502
2012,Sabana Grande Municipio,15958.0,229.58608333333333,21179.28500311974
2013,Sabana Grande Municipio,16458.0,232.95174999999998,21527.29556657119
2014,Sabana Grande Municipio,15054.0,236.715,19377.80252624464
2015,Sabana Grande Municipio,14795.0,237.00175000000002,19021.370710694468
2016,Sabana Grande Municipio,14877.0,240.00541666666666,18887.4232526002
2017,Sabana Grande Municipio,15736.0,245.121,19561.052568595373
2018,Sabana Grande Municipio,16846.0,251.0995,20442.28041739098
2019,Sabana Grande Municipio,17319.0,255.65258333333335,20641.96415969458
2020,Sabana Grande Municipio,18290.0,258.85575,21529.51676110472
2021,Sabana Grande Municipio,18857.0,270.96791666666667,21204.74830199762
2022,Sabana Grande Municipio,20464.0,292.6254166666667,21308.69607191218
2023,Sabana Grande Municipio,20564.0,304.70416666666665,20564.0
2010,Salinas Municipio,13118.0,218.0761666666667,18328.95964483357
2011,Salinas Municipio,12592.0,224.923,17058.43718368805
2012,Salinas Municipio,13386.0,229.58608333333333,17765.754421090416
2013,Salinas Municipio,13495.0,232.95174999999998,17651.649876709092
2014,Salinas Municipio,13871.0,236.715,17855.021844130424
2015,Salinas Municipio,15240.0,237.00175000000002,19593.490343425732
2016,Salinas Municipio,16540.0,240.00541666666666,20998.721556631535
2017,Salinas Municipio,16246.0,245.121,20195.021608375726
2018,Salinas Municipio,16887.0,251.0995,20492.033088476877
2019,Salinas Municipio,18189.0,255.65258333333335,21678.889433609605
2020,Salinas Municipio,17694.0,258.85575,20827.953503061068
2021,Salinas Municipio,18563.0,270.96791666666667,20874.14449435127
2022,Salinas Municipio,20123.0,292.6254166666667,20953.620555858524
2023,Salinas Municipio,21611.0,304.70416666666665,21611.0
2010,San Germán Municipio,15016.0,218.0761666666667,20980.91614779851
2011,San Germán Municipio,15417.0,224.923,20885.47697434233
2012,San Germán Municipio,15470.0,229.58608333333333,20531.616681179497
2013,San Germán Municipio,15696.0,232.95174999999998,20530.588845114922
2014,San Germán Municipio,15091.0,236.715,19425.429648170444
2015,San Germán Municipio,14797.0,237.00175000000002,19023.94203488652
2016,San Germán Municipio,14988.0,240.00541666666666,19028.345749141077
2017,San Germán Municipio,15036.0,245.121,18690.898984583124
2018,San Germán Municipio,15619.0,251.0995,18953.3407241618
2019,San Germán Municipio,16486.0,255.65258333333335,19649.13800662422
2020,San Germán Municipio,16561.0,258.85575,19494.27704104184
2021,San Germán Municipio,16492.0,270.96791666666667,18545.299305114535
2022,San Germán Municipio,17862.0,292.6254166666667,18599.292867303335
2023,San Germán Municipio,17921.0,304.70416666666665,17921.0
2010,San Juan Municipio,23478.0,218.0761666666667,32804.3386599636
2011,San Juan Municipio,23342.0,224.923,31621.508953434437
2012,San Juan Municipio,23100.0,229.58608333333333,30658.070157417347
2013,San Juan Municipio,22754.0,232.95174999999998,29762.552152251847
2014,San Juan Municipio,22266.0,236.715,28661.22964324187
2015,San Juan Municipio,21243.0,237.00175000000002,27311.31990586567
2016,San Juan Municipio,21395.0,240.00541666666666,27162.493815243753
2017,San Juan Municipio,21677.0,245.121,26946.170343762195
2018,San Juan Municipio,22146.0,251.0995,26873.723265080174
2019,San Juan Municipio,22710.0,255.65258333333335,27067.325253574916
2020,San Juan Municipio,23642.0,258.85575,27829.46064877189
2021,San Juan Municipio,24347.0,270.96791666666667,27378.268383557093
2022,San Juan Municipio,26111.0,292.6254166666667,27188.788268847682
2023,San Juan Municipio,26981.0,304.70416666666665,26981.0
2010,San Lorenzo Municipio,17477.0,218.0761666666667,24419.517282570232
2011,San Lorenzo Municipio,17683.0,224.923,23955.237032969802
2012,San Lorenzo Municipio,17875.0,229.58608333333333,23723.50666943009
2013,San Lorenzo Municipio,17743.0,232.95174999999998,23208.093646717258
2014,San Lorenzo Municipio,17116.0,236.715,22032.049158974572
2015,San Lorenzo Municipio,16538.0,237.00175000000002,21262.279744066585
2016,San Lorenzo Municipio,16916.0,240.00541666666666,21476.080644013244
2017,San Lorenzo Municipio,18589.0,245.121,23107.549961719586
2018,San Lorenzo Municipio,18821.0,251.0995,22838.902987992144
2019,San Lorenzo Municipio,19380.0,255.65258333333335,23098.404377555344
2020,San Lorenzo Municipio,19385.0,258.85575,22818.46267982586
2021,San Lorenzo Municipio,19339.0,270.96791666666667,21746.758626098108
2022,San Lorenzo Municipio,19629.0,292.6254166666667,20439.229632308652
2023,San Lorenzo Municipio,21320.0,304.70416666666665,21320.0
2010,San Sebastián Municipio,12115.0,218.0761666666667,16927.53057609077
2011,San Sebastián Municipio,13148.0,224.923,17811.652802662837
2012,San Sebastián Municipio,13658.0,229.58608333333333,18126.749879221046
2013,San Sebastián Municipio,14463.0,232.95174999999998,18917.80749661679
2014,San Sebastián Municipio,14726.0,236.715,18955.594526469944
2015,San Sebastián Municipio,14345.0,237.00175000000002,18442.822767483078
2016,San Sebastián Municipio,13866.0,240.00541666666666,17603.885919241406
2017,San Sebastián Municipio,14275.0,245.121,17744.91773110695
2018,San Sebastián Municipio,14812.0,251.0995,17974.06253961743
2019,San Sebastián Municipio,15331.0,255.65258333333335,18272.530315392207
2020,San Sebastián Municipio,15995.0,258.85575,18828.027369812466
2021,San Sebastián Municipio,16812.0,270.96791666666667,18905.1401841854
2022,San Sebastián Municipio,17557.0,292.6254166666667,18281.70332948408
2023,San Sebastián Municipio,17834.0,304.70416666666665,17834.0
2010,Santa Isabel Municipio,17605.0,218.0761666666667,24598.363664224347
2011,Santa Isabel Municipio,17601.0,224.923,23844.15127621453
2012,Santa Isabel Municipio,18024.0,229.58608333333333,23921.257857891353
2013,Santa Isabel Municipio,18033.0,232.95174999999998,23587.417727061507
2014,Santa Isabel Municipio,16344.0,236.715,21038.315696090234
2015,Santa Isabel Municipio,15674.0,237.00175000000002,20151.467693100716
2016,Santa Isabel Municipio,15295.0,240.00541666666666,19418.10436570008
2017,Santa Isabel Municipio,16816.0,245.121,20903.575241071416
2018,Santa Isabel Municipio,17640.0,251.0995,21405.783364761777
2019,Santa Isabel Municipio,19827.0,255.65258333333335,23631.169432084098
2020,Santa Isabel Municipio,20000.0,258.85575,23542.39120951856
2021,Santa Isabel Municipio,20784.0,270.96791666666667,23371.665095652468
2022,Santa Isabel Municipio,22680.0,292.6254166666667,23616.16628767437
2023,Santa Isabel Municipio,23197.0,304.70416666666665,23197.0
2010,Toa Alta Municipio,25133.0,218.0761666666667,35116.76648525706
2011,Toa Alta Municipio,26526.0,224.923,35934.887605980715
2012,Toa Alta Municipio,27211.0,229.58608333333333,36114.14489409019
2013,Toa Alta Municipio,28255.0,232.95174999999998,36957.937552161195
2014,Toa Alta Municipio,29183.0,236.715,37564.92700434418
2015,Toa Alta Municipio,29976.0,237.00175000000002,38539.006990454705
2016,Toa Alta Municipio,29578.0,240.00541666666666,37551.40182600045
2017,Toa Alta Municipio,29672.0,245.121,36884.56734973068
2018,Toa Alta Municipio,28863.0,251.0995,35024.66696468929
2019,Toa Alta Municipio,28834.0,255.65258333333335,34366.32568743193
2020,Toa Alta Municipio,27626.0,258.85575,32519.104977707986
2021,Toa Alta Municipio,28098.0,270.96791666666667,31596.27818791585
2022,Toa Alta Municipio,32456.0,292.6254166666667,33795.69193266135
2023,Toa Alta Municipio,33349.0,304.70416666666665,33349.0
2010,Toa Baja Municipio,23297.0,218.0761666666667,32551.43869840583
2011,Toa Baja Municipio,22942.0,224.923,31079.627213164804
2012,Toa Baja Municipio,23572.0,229.58608333333333,31284.50345240873
2013,Toa Baja Municipio,23934.0,232.95174999999998,31306.008755031893
2014,Toa Baja Municipio,23642.0,236.715,30432.443691077173
2015,Toa Baja Municipio,23303.0,237.00175000000002,29959.783823677808
2016,Toa Baja Municipio,23889.0,240.00541666666666,30328.8064852703
2017,Toa Baja Municipio,24583.0,245.121,30558.550793961622
2018,Toa Baja Municipio,24899.0,251.0995,30214.43310653081
2019,Toa Baja Municipio,25105.0,255.65258333333335,29921.84942716857
2020,Toa Baja Municipio,25090.0,258.85575,29533.92977234103
2021,Toa Baja Municipio,26587.0,270.96791666666667,29897.154537053124
2022,Toa Baja Municipio,28719.0,292.6254166666667,29904.4391364956
2023,Toa Baja Municipio,29648.0,304.70416666666665,29648.0
2010,Trujillo Alto Municipio,30825.0,218.0761666666667,43069.84151943854
2011,Trujillo Alto Municipio,30571.0,224.923,41414.66670445738
2012,Trujillo Alto Municipio,31354.0,229.58608333333333,41612.689684660756
2013,Trujillo Alto Municipio,31261.0,232.95174999999998,40889.82784703986
2014,Trujillo Alto Municipio,30687.0,236.715,39500.905149652535
2015,Trujillo Alto Municipio,30140.0,237.00175000000002,38749.855574202855
2016,Trujillo Alto Municipio,30427.0,240.00541666666666,38629.26848873203
2017,Trujillo Alto Municipio,31202.0,245.121,38786.474469071734
2018,Trujillo Alto Municipio,31193.0,251.0995,37852.07485810738
2019,Trujillo Alto Municipio,32545.0,255.65258333333335,38789.348321338424
2020,Trujillo Alto Municipio,32611.0,258.85575,38387.04598668049
2021,Trujillo Alto Municipio,33948.0,270.96791666666667,38174.619258430044
2022,Trujillo Alto Municipio,35821.0,292.6254166666667,37299.58962040492
2023,Trujillo Alto Municipio,38773.0,304.70416666666665,38773.0
2010,Utuado Municipio,13509.0,218.0761666666667,18875.279451292627
2011,Utuado Municipio,14153.0,224.923,19173.13067509029
2012,Utuado Municipio,14752.0,229.58608333333333,19578.694846849383
2013,Utuado Municipio,14852.0,232.95174999999998,19426.624969906145
2014,Utuado Municipio,15291.0,236.715,19682.873550472086
2015,Utuado Municipio,15725.0,237.00175000000002,20217.036459998006
2016,Utuado Municipio,15875.0,240.00541666666666,20154.456149427184
2017,Utuado Municipio,15931.0,245.121,19803.452495570215
2018,Utuado Municipio,16533.0,251.0995,20062.461245442544
2019,Utuado Municipio,15399.0,255.65258333333335,18353.57734829591
2020,Utuado Municipio,15021.0,258.85575,17681.512917908913
2021,Utuado Municipio,15812.0,270.96791666666667,17780.637437088953
2022,Utuado Municipio,17164.0,292.6254166666667,17872.48140042517
2023,Utuado Municipio,17624.0,304.70416666666665,17624.0
2010,Vega Alta Municipio,16608.0,218.0761666666667,23205.318019621584
2011,Vega Alta Municipio,17072.0,224.923,23127.512674707938
2012,Vega Alta Municipio,17616.0,229.58608333333333,23379.76467069541
2013,Vega Alta Municipio,18184.0,232.95174999999998,23784.927851654546
2014,Vega Alta Municipio,17944.0,236.715,23097.866914503375
2015,Vega Alta Municipio,18016.0,237.00175000000002,23162.488321991994
2016,Vega Alta Municipio,18312.0,240.00541666666666,23248.403213121925
2017,Vega Alta Municipio,18053.0,245.121,22441.26093167592
2018,Vega Alta Municipio,18895.0,251.0995,22928.700491903273
2019,Vega Alta Municipio,20048.0,255.65258333333335,23894.572289021133
2020,Vega Alta Municipio,20809.0,258.85575,24494.680933943586
2021,Vega Alta Municipio,21828.0,270.96791666666667,24545.645963621155
2022,Vega Alta Municipio,24778.0,292.6254166666667,25800.765797001568
2023,Vega Alta Municipio,25235.0,304.70416666666665,25235.0
2010,Vega Baja Municipio,16530.0,218.0761666666667,23096.333505801107
2011,Vega Baja Municipio,16249.0,224.923,22012.590994103168
2012,Vega Baja Municipio,16462.0,229.58608333333333,21848.18835200885
2013,Vega Baja Municipio,16453.0,232.95174999999998,21520.755496220427
2014,Vega Baja Municipio,16625.0,236.715,21400.02437882404
2015,Vega Baja Municipio,16948.0,237.00175000000002,21789.401203436963
2016,Vega Baja Municipio,17634.0,240.00541666666666,22387.63336938576
2017,Vega Baja Municipio,18900.0,245.121,23494.146768330742
2018,Vega Baja Municipio,19096.0,251.0995,23172.60992820243
2019,Vega Baja Municipio,19617.0,255.65258333333335,23380.877124587365
2020,Vega Baja Municipio,20126.0,258.85575,23690.708274138524
2021,Vega Baja Municipio,21507.0,270.96791666666667,24184.680581803197
2022,Vega Baja Municipio,23701.0,292.6254166666667,24679.310281488986
2023,Vega Baja Municipio,23877.0,304.70416666666665,23877.0
2010,Vieques Municipio,16220.0,218.0761666666667,22663.189925232542
2011,Vieques Municipio,16769.0,224.923,22717.037256453692
2012,Vieques Municipio,16598.0,229.58608333333333,22028.686081074164
2013,Vieques Municipio,17355.0,232.95174999999998,22700.584187498058
2014,Vieques Municipio,18179.0,236.715,23400.363499707804
2015,Vieques Municipio,18104.0,237.00175000000002,23275.62658644222
2016,Vieques Municipio,17535.0,240.00541666666666,22261.94573733579
2017,Vieques Municipio,16261.0,245.121,20213.667756604562
2018,Vieques Municipio,15539.0,251.0995,18856.26234155517
2019,Vieques Municipio,14936.0,255.65258333333335,17801.742403672168
2020,Vieques Municipio,14040.0,258.85575,16526.75862908203
2021,Vieques Municipio,14942.0,270.96791666666667,16802.32004711505
2022,Vieques Municipio,17062.0,292.6254166666667,17766.271128761025
2023,Vieques Municipio,17531.0,304.70416666666665,17531.0
2010,Villalba Municipio,15455.0,218.0761666666667,21594.303347377863
2011,Villalba Municipio,15951.0,224.923,21608.889097602292
2012,Villalba Municipio,16014.0,229.58608333333333,21253.607597440754
2013,Villalba Municipio,16754.0,232.95174999999998,21914.467731336354
2014,Villalba Municipio,17389.0,236.715,22383.460085616316
2015,Villalba Municipio,17818.0,237.00175000000002,22907.92722697898
2016,Villalba Municipio,18974.0,240.00541666666666,24088.85990420355
2017,Villalba Municipio,19893.0,245.121,24728.521781079548
2018,Villalba Municipio,19855.0,251.0995,24093.64108318283
2019,Villalba Municipio,19877.0,255.65258333333335,23690.762838630937
2020,Villalba Municipio,19355.0,258.85575,22783.149093011583
2021,Villalba Municipio,20722.0,270.96791666666667,23301.94592533249
2022,Villalba Municipio,22461.0,292.6254166666667,23388.126586748414
2023,Villalba Municipio,24882.0,304.70416666666665,24882.0
2010,Yabucoa Municipio,16894.0,218.0761666666667,23604.92790363
2011,Yabucoa Municipio,17185.0,224.923,23280.59426633411
2012,Yabucoa Municipio,17926.0,229.58608333333333,23791.193317829584
2013,Yabucoa Municipio,17264.0,232.95174999999998,22581.554907114172
2014,Yabucoa Municipio,16627.0,236.715,21402.598817847058
2015,Yabucoa Municipio,15627.0,237.00175000000002,20091.041574587525
2016,Yabucoa Municipio,16308.0,240.00541666666666,20704.180843140693
2017,Yabucoa Municipio,15586.0,245.121,19374.591086307035
2018,Yabucoa Municipio,16013.0,251.0995,19431.45175849945
2019,Yabucoa Municipio,16295.0,255.65258333333335,19421.49119361529
2020,Yabucoa Municipio,16828.0,258.85575,19808.567963688914
2021,Yabucoa Municipio,17267.0,270.96791666666667,19416.78893411428
2022,Yabucoa Municipio,19972.0,292.6254166666667,20796.387702708664
2023,Yabucoa Municipio,21279.0,304.70416666666665,21279.0
2010,Yauco Municipio,14314.0,218.0761666666667,20000.05552341422
2011,Yauco Municipio,14493.0,224.923,19633.730154319477
2012,Yauco Municipio,14728.0,229.58608333333333,19546.84230642609
2013,Yauco Municipio,15053.0,232.95174999999998,19689.535798006815
2014,Yauco Municipio,15346.0,236.715,19753.670623605038
2015,Yauco Municipio,14708.0,237.00175000000002,18909.518108340268
2016,Yauco Municipio,14666.0,240.00541666666666,18619.543551968447
2017,Yauco Municipio,14451.0,245.121,17963.6992036586
2018,Yauco Municipio,14954.0,251.0995,18146.376668744197
2019,Yauco Municipio,14743.0,255.65258333333335,17571.711854401365
2020,Yauco Municipio,14813.0,258.85575,17436.67204932992
2021,Yauco Municipio,16444.0,270.96791666666667,18491.323173253906
2022,Yauco Municipio,19827.0,292.6254166666667,20645.402512597873
2023,Yauco Municipio,21918.0,304.70416666666665,21918.0
2010,Puerto Rico,17110.44871794872,,23907.358138151878
2011,Puerto Rico,17546.52564102564,,23770.35462511178
2012,Puerto Rico,17912.96153846154,,23773.88881269578
2013,Puerto Rico,18162.397435897437,,23756.67139385702
2014,Puerto Rico,18175.0,,23395.214621661773
2015,Puerto Rico,17920.30769230769,,23039.4603491108
2016,Puerto Rico,18200.73076923077,,23107.138908723882
2017,Puerto Rico,18412.94871794872,,22888.704741652622
2018,Puerto Rico,18923.628205128207,,22963.440240037988
2019,Puerto Rico,19300.02564102564,,23003.085487801705
2020,Puerto Rico,19713.897435897437,,23205.614285011114
2021,Puerto Rico,20731.55128205128,,23312.686368237446
2022,Puerto Rico,22634.70512820513,,23569.00177161235
2023,Puerto Rico,23699.32051282051,,23699.32051282051
